event_index,block_num,extrinsic_hash,extrinsic_idx,section,metion,Associated_address
9652056-0,9652056,,0,democracy,PreimageUsed,
9669582-2,9669582,0x05f99b84123f01066fb26cc8e5cdb6be14e6220a7cc4a41b75b5448daaeafafa,2,democracy,Delegated,HMaTJbeYonb2SoT7ek1sjrtkkKaor7j3yy2VUbj6FDokPXr
9652056-0,9652056,,0,democracy,Executed,
9669702-2,9669702,0xf8bb31d585ae044c25ba7f3998dd4b161c3069be084cd8bb1e5aa0ecca640e84,2,democracy,Delegated,HMATevKkCxh3Z4gDJuqeB19ckmoxXN7RH7dfSPq1HhciX77
9651756-0,9651756,,0,democracy,Passed,
9651372-0,9651372,,0,democracy,PreimageUsed,
9651372-0,9651372,,0,democracy,Executed,
9651352-0,9651352,,0,democracy,Passed,
9651354-7,9651354,0xfbd07379cf0a7691613fc5b5361c6715aa87a0fb3155af8052d71e9db35b3efb,7,democracy,PreimageNoted,EAZbMxUvCqL7kXcUZeG5B6R3tjgmEpWsm53kPejVz2zJGjq
9651178-0,9651178,,0,democracy,PreimageUsed,
9651332-8,9651332,0xb8532d562e51a8369a61dc83388b6f6fe53316acd025864226862e82f50122c2,8,democracy,Started,GLVeryFRbg5hEKvQZcAnLvXZEXhiYaBjzSDwrXBXrfPF7wj
9651178-0,9651178,,0,democracy,Executed,
9651168-0,9651168,,0,democracy,Passed,
9651173-4,9651173,0x060d9d79f5aa42552fa0ee5cf29e7813a8a62fb0e89c5181f06dd6992a5189e6,4,democracy,PreimageNoted,EAZbMxUvCqL7kXcUZeG5B6R3tjgmEpWsm53kPejVz2zJGjq
9651084-0,9651084,,0,democracy,PreimageMissing,
9651074-0,9651074,,0,democracy,Passed,
9651158-3,9651158,0x853cdf2f8c9fc1fdeb66ae24bc39a76324e2f7d93d02725ff6e6ccfbaffe388c,3,democracy,Started,FcxNWVy5RESDsErjwyZmPCW6Z8Y3fbfLzmou34YZTrbcraL
9650976-0,9650976,,0,democracy,PreimageMissing,
9651064-2,9651064,0x6c2f683841d55e2765664739028587f8b5d64ad36edd072e7895c5fe56d4141b,2,democracy,Started,FcxNWVy5RESDsErjwyZmPCW6Z8Y3fbfLzmou34YZTrbcraL
9650966-0,9650966,,0,democracy,Passed,
9649956-2,9649956,0xeddcd7bdc4c629dd7d9a3eba1e67d208ae06d08ab001449a733165837db1dbf5,2,democracy,Started,FhLMxxkXxfgRRnv8hyRbNkpUMZ9umASMsRmKpZruVayaqhL
9638960-0,9638960,,0,democracy,PreimageUsed,
9650956-2,9650956,0x92f097cfd8ca03be26891f2460dc5175003b12f3e1d47a038b6553d90e0b6b62,2,democracy,Started,FcxNWVy5RESDsErjwyZmPCW6Z8Y3fbfLzmou34YZTrbcraL
9648836-3,9648836,0xb1b77cb4000f74611189895e99e35f05d4fe6872ffc9b170dcd44a0e44d11b0d,3,democracy,PreimageNoted,GLVeryFRbg5hEKvQZcAnLvXZEXhiYaBjzSDwrXBXrfPF7wj
9638960-0,9638960,,0,democracy,Executed,
9638660-0,9638660,,0,democracy,Passed,
9636155-0,9636155,,0,democracy,PreimageUsed,
9636155-0,9636155,,0,democracy,Executed,
9636150-0,9636150,,0,democracy,Passed,
9625129-0,9625129,,0,democracy,PreimageUsed,
9636120-2,9636120,0x552b9744c41cc44ee39e03cd1d53a206403ff0232e7f22e218e475674b2f4976,2,democracy,Started,GLVeryFRbg5hEKvQZcAnLvXZEXhiYaBjzSDwrXBXrfPF7wj
9636860-3,9636860,0xe49c2b62a4578af646d231ef9ec02427987ab0fa3e3f5cbeedb0dcfd5288b3b6,3,democracy,Started,Fa1me4dit46AFSjinM89EsfiF7T91seEPU4wY9JNJQ752Sg
9625129-0,9625129,,0,democracy,Executed,
9636087-2,9636087,0xa405e0cf8c30c133d79f22240026bfb512d9666dcae7db10d683fdbeb32abed9,2,democracy,PreimageNoted,FhLMxxkXxfgRRnv8hyRbNkpUMZ9umASMsRmKpZruVayaqhL
9624829-0,9624829,,0,democracy,Passed,
9621150-0,9621150,,0,democracy,PreimageMissing,
9620850-0,9620850,,0,democracy,Passed,
9611377-0,9611377,,0,democracy,PreimageUsed,
9637047-4,9637047,0x52da54955734e35690f7ba1481eb68e865c9778e8b888f9f42b5bceb6c1df3d4,4,democracy,PreimageNoted,
9623029-2,9623029,0x5ebc25ee8a66f396fca82ff1a8fc8b10bcd7684a76c48de791018f9c5c37b9aa,2,democracy,Started,FcxNWVy5RESDsErjwyZmPCW6Z8Y3fbfLzmou34YZTrbcraL
9611377-0,9611377,,0,democracy,Executed,
9610777-0,9610777,,0,democracy,Passed,
9624840-2,9624840,0x8394f3ea83ea70e7bacd8687f775125cb24ef2463872f8f57223813ff854635c,2,democracy,PreimageNoted,
9563250-2,9563250,0x57ef630176c82f514a9c3cdc9e60082a4e343661c887b1863d3f6e825d3ed74f,2,democracy,Started,Fa1me4dit46AFSjinM89EsfiF7T91seEPU4wY9JNJQ752Sg
9557047-2,9557047,0x32f7e1f858058fb2377418e7979ba7c6bd07c393baa02787a7b30f818144f9d1,2,democracy,Delegated,CbaNLeJQ8e8aCJMTLa9euDKuTDmnT5oPmGFt4AmuvXmYFGN
9520281-2,9520281,0x854e68d417c4454073ec0fe904f63878c5b3fbd3d3b9b630b65ee1b37b1c5094,2,democracy,Delegated,J11Rp4mjz3vRb2DL51HqRGRjhuEQRyXgtuFskebXb8zMZ9s
9525244-2,9525244,0x92a23b7b71107aaf8ee49e59ed0a55a354b1112f5b3628e86572089046d1ff5a,2,democracy,Delegated,CsKvJ4fdesaRALc5swo5iknFDpop7YUwKPJHdmUvBsUcMGb
9610815-3,9610815,0xdb168aedd501013fdcb6ca73be49441cc677f943dfd23bddd16d46fd3cbc6b28,3,democracy,PreimageNoted,
9449614-3,9449614,0x409f5aa848f6022f6708f9252a7700a73fd469f4111722a918de39789402c7eb,3,democracy,Delegated,GnL41mJJJTp9npr1W9wLMzEfFL4thqyjPt6hwxLirmJt5vQ
9444038-4,9444038,0xfd98633197fc987de2b219413c6db43c835f951322790142da26ea053030d542,4,democracy,PreimageNoted,GnL41mJJJTp9npr1W9wLMzEfFL4thqyjPt6hwxLirmJt5vQ
9510208-4,9510208,0x75cc835269ca0ca5be9560a2becd253b99bcf74cef4846f2369aff7ca89c69fa,4,democracy,Delegated,J11Rp4mjz3vRb2DL51HqRGRjhuEQRyXgtuFskebXb8zMZ9s
9510137-2,9510137,0xdcfd8817c0852020a05ea262f7d19d2983c04444b102404451301e084e0cc1a4,2,democracy,Delegated,HtYny8Eker9VBEKQrtBd6Y5PTkaHQFSvyMFy2bkd66wGBan
9435316-3,9435316,0x1e93751baeedfb47b1ec8550f7ced33f695dd92487370fd18782a53265ea56e0,3,democracy,Delegated,EtHKJCxSzgwYjVRkDwAq3Kuqjxd41rKYYTpxRsdAPZEsPcP
9509977-5,9509977,0x6054c6b9fdeb11e4db80344612341e827c8749bf236f8bb71bc73f12b8414353,5,democracy,Started,GLVeryFRbg5hEKvQZcAnLvXZEXhiYaBjzSDwrXBXrfPF7wj
9435303-4,9435303,0xeec082f45f5a3dbb2db31959b155ba35ec4986cb9501e5466f506cf3ea976928,4,democracy,Delegated,D3icRvk43Bj69ChTPkx5v4pEQKGqDY95hHXiBB1JBFVwtvP
9435360-3,9435360,0x819dcc69f6511fc8b294c715e2ff59008080db7588fe0e01e9466f51cbf4f320,3,democracy,Delegated,JCnwcngxuPyiRivyW93XEhQSgoKU8YEKkXzACw7jD3GEZrd
9433916-8,9433916,0x4ef2fb363e1ad728cf44f25b8d72f96c62d333f5158cbefda54f6a32fb06fd08,8,democracy,Undelegated,DiTAgTohgwfJCe1byPCwQtgCUZdsys3egMUkgoDCjo9vAKC
9424773-2,9424773,0x02806757520dd62f057e81eea6e5cbbd8e5460ef8a0826b5f88d49e45ad17019,2,democracy,Delegated,GnL41mJJJTp9npr1W9wLMzEfFL4thqyjPt6hwxLirmJt5vQ
9510143-2,9510143,0x74a80e96d731e8552627734bdb54cfa4060ea6219f32b2309cc13abfce42d542,2,democracy,Delegated,
9514148-7,9514148,0xe9f723899d14721897085c74f9420f2e6b1e34d7889c83c21fd7022628992ae7,7,democracy,Delegated,Fy1xVAiQsMkF97fzDc1GPPWeNcMk7VbaqA6PfRUt5wtTtWF
9172800-0,9172800,,0,democracy,NotPassed,
9298751-2,9298751,0xaa7bc2e065518cab8db2a46f6804ff2daa1b2186043c41bc786cabcef37fa9ca,2,democracy,Undelegated,EtkgSwPdcTkZrWRJMeJHSTPVf9yNjv8gDMDLFVL1Y8HzoHb
9125218-0,9125218,,0,democracy,PreimageUsed,
9125218-0,9125218,,0,democracy,Executed,
9153848-4,9153848,0x16e86a6a091fc2a4b68e8078c0f0a330aec627434cd7fba6e03ea1e65c1e7d55,4,democracy,Delegated,GerXSUuRXUk8sc73P5JL2id594yNVHg5sfuGKttqHZxdVto
9124918-0,9124918,,0,democracy,Passed,
9081957-0,9081957,,0,democracy,PreimageUsed,
9081957-0,9081957,,0,democracy,Executed,
9081947-0,9081947,,0,democracy,Passed,
9363361-2,9363361,0xa68edffd72293a20149aee8d2e0d6fd03d46dfb71cabd088ef1e0005b64b855d,2,democracy,Undelegated,GerXSUuRXUk8sc73P5JL2id594yNVHg5sfuGKttqHZxdVto
9072000-0,9072000,,0,democracy,Tabled,
9078284-2,9078284,0x04739ca40c16c467609f190fb29d8522962d50f5302229ce792955bbe57657f3,2,democracy,PreimageNoted,GLVeryFRbg5hEKvQZcAnLvXZEXhiYaBjzSDwrXBXrfPF7wj
9072000-0,9072000,,0,democracy,Started,
9080147-2,9080147,0x433ae9fe640cff6267459b8c72519f4b26a0aea7801b7a0f778fe01b6adf65b5,2,democracy,Started,FhLMxxkXxfgRRnv8hyRbNkpUMZ9umASMsRmKpZruVayaqhL
9067318-2,9067318,0x65edbf67e9e32643149a6e8a89f9804bed92337486ab90ce064d308a8582430b,2,democracy,Started,FhLMxxkXxfgRRnv8hyRbNkpUMZ9umASMsRmKpZruVayaqhL
9066470-4,9066470,0xabfd6eb7464ac9855f316188fd83f6bcb614dcb749313d8538019cd651c2602b,4,democracy,Proposed,GPqtzJ7FtY1Xzu8RTWxhTywfFyjtmH4g1T46qVXgTDJz9oY
9049370-2,9049370,0xe74f10aa646e78b9c860ea28beda31b4ec382d2cd5378ac7c8ee23a560c6b9ff,2,democracy,Undelegated,Eyd3x5a8KearHpJLw9PFgYVNDCQiTMBHSLr9yCtox2bqMFL
9066451-2,9066451,0x44ad2415a4df17bde7a55f1eacebfe9c0e9e59e5379bb0e4d480f9588658ba18,2,democracy,PreimageNoted,GPqtzJ7FtY1Xzu8RTWxhTywfFyjtmH4g1T46qVXgTDJz9oY
9047142-2,9047142,0xed400655388c7dc22b4ee3c568d5a2ec558983a1fd39efe7ee6b1f64fa1a2971,2,democracy,PreimageNoted,GRSJgcaG9vv2kRewF11hiCaYdD8dwjCbtnvM112tAmqJ8B1
9044283-3,9044283,0xd2e38526f44b6de5d7af0dad2c504422a933d72537baee3bc20593381f81ac8d,3,democracy,Undelegated,Gk1Ys5TE4uMucnVovKYNf7pzF8DVB2dyTTAWxijgXys1gDN
9044201-3,9044201,0x8ab1c472f0c9b1dfa70c4c83a6ab38877291e793abb1b3cb1213fc4b63aefd46,3,democracy,Delegated,Gk1Ys5TE4uMucnVovKYNf7pzF8DVB2dyTTAWxijgXys1gDN
9044165-2,9044165,0x0548ddefcc29eca5d208e99d587e495b2c0d52ec8179fa7fd6479f46cd7012c8,2,democracy,Delegated,Eyd3x5a8KearHpJLw9PFgYVNDCQiTMBHSLr9yCtox2bqMFL
9044248-2,9044248,0x87734d0ab13fac6c318b116178317efb5fc0ea8ea74600aba9e066bae5f5aea2,2,democracy,Delegated,Gk1Ys5TE4uMucnVovKYNf7pzF8DVB2dyTTAWxijgXys1gDN
9039687-6,9039687,0x6e8c56a94069f34c337e0b4e21ea6833634cbc13e66bfd864d4b2304131308fa,6,democracy,Delegated,CzpRUcGs9vXH1Pi1Ht3W8norND1mAbkoJPxasD9aQxaSrJj
9039726-10,9039726,0x33f61d1db58c6ef07a8e106642c491c68dc3bdc5447d8378a83b5c01553b0832,10,democracy,Undelegated,CzpRUcGs9vXH1Pi1Ht3W8norND1mAbkoJPxasD9aQxaSrJj
9008606-0,9008606,,0,democracy,PreimageUsed,
9010688-3,9010688,0xdfda98972dd7555cb59137f380a66c8d76b87514e0e2e7284e8ce5fc33d90ca2,3,democracy,Undelegated,Cb6KZe4FXC7AKZnHzgohcn5XaWVupbJLWUK4Fd3b5u913Wc
9008606-0,9008606,,0,democracy,Executed,
9008006-0,9008006,,0,democracy,Passed,
8971200-0,8971200,,0,democracy,Passed,
9004994-6,9004994,0xc9596597e603692349fd9f7c0e6d45e20e298a54f8c19a5c2e845d8a2e990876,6,democracy,PreimageNoted,GLVeryFRbg5hEKvQZcAnLvXZEXhiYaBjzSDwrXBXrfPF7wj
8967232-0,8967232,,0,democracy,PreimageUsed,
8967232-0,8967232,,0,democracy,Executed,
8966632-0,8966632,,0,democracy,Passed,
8964910-4,8964910,0xd99465181132c494758ca44d12d5b6822cac40e34dbe5847b003630df12f6c9c,4,democracy,PreimageNoted,GLVeryFRbg5hEKvQZcAnLvXZEXhiYaBjzSDwrXBXrfPF7wj
8964832-4,8964832,0xedf7e33484154d4b4b45e160831b67a0d2c6a65641d44da356cf6c9b7a6a520b,4,democracy,Started,FhLMxxkXxfgRRnv8hyRbNkpUMZ9umASMsRmKpZruVayaqhL
8945245-0,8945245,,0,democracy,PreimageUsed,
8945828-2,8945828,0x37e2e54d8c362bf697a9e58870162cb26b2e98d2120499edf357b15d4723a31c,2,democracy,Delegated,GerXSUuRXUk8sc73P5JL2id594yNVHg5sfuGKttqHZxdVto
8945245-0,8945245,,0,democracy,Executed,
8944666-6,8944666,0x47acbf4049c8f0f40e99a04a199b01df153f377c160167b78038dafd7551b254,6,democracy,PreimageNoted,
8944645-0,8944645,,0,democracy,Passed,
8870400-0,8870400,,0,democracy,Tabled,
8921606-3,8921606,0xba075597665d5fb35fa24a2641be7a24ad0facaa867c09135d4d3eea243d09a0,3,democracy,Started,D63wPTYs1i2nCSFYwkHNxTnU4D4nSiq9KXbkVLrUFpLaftK
8870400-0,8870400,,0,democracy,Started,
8869751-75,8869751,0x8581f646ee172b085a5affb1091f1c5097f2a73d5d266d6cfb69f00abb738b15,75,democracy,Proposed,GPqtzJ7FtY1Xzu8RTWxhTywfFyjtmH4g1T46qVXgTDJz9oY
8869749-42,8869749,0x1e6d9ac62f26161eabb9b83eeee0009442462bc7e0cb79cab212451761295ffc,42,democracy,PreimageNoted,GPqtzJ7FtY1Xzu8RTWxhTywfFyjtmH4g1T46qVXgTDJz9oY
8858245-7,8858245,0x446afa9ee871f72fd1a08eb174810793b9709684825d444bfbd4783039a68025,7,democracy,Started,D63wPTYs1i2nCSFYwkHNxTnU4D4nSiq9KXbkVLrUFpLaftK
8696292-2,8696292,0x4d2f0a95b195f8fc8625f19b11d22d84544e74437f6337d61e9b76ebf0763314,2,democracy,Undelegated,HbXZwZAMmNigkSTehZaHgtkgzLkQrALSSmiec6i2wH57s3A
8777925-2,8777925,0x7a8533a2c930c14aed62340618005b8140e5fb91ef6fef1f7fbbb40c8a9f7c6e,2,democracy,Delegated,Cb6KZe4FXC7AKZnHzgohcn5XaWVupbJLWUK4Fd3b5u913Wc
8555825-0,8555825,,0,democracy,PreimageUsed,
8555825-0,8555825,,0,democracy,Executed,
8631563-2,8631563,0xd437154ccc17f88fad8f5b93dfd71841d52ca9f4266ec85de7587a5b8d74d1fc,2,democracy,Delegated,E9PH2884VPJjPTAQjNSSEwcfc2JsZpyc9XyDnzFqgf4fhEQ
8555225-0,8555225,,0,democracy,Passed,
8517972-0,8517972,,0,democracy,PreimageUsed,
8521364-4,8521364,0xd621c13422093c6b708f209be7cb50a8edc8badb43eade79e921e4f1dcc637fb,4,democracy,Delegated,D9RW9UQegyuGDwsBVbhPUtrBx6wgTTqgYQp9xPAxbpu4vzb
8521421-5,8521421,0xfca291b54cf9fd6141dcfb89e190dcfad6a924bfac12518b32a87fbc4c45b988,5,democracy,Delegated,D9RW9UQegyuGDwsBVbhPUtrBx6wgTTqgYQp9xPAxbpu4vzb
8517972-0,8517972,,0,democracy,Executed,
8555234-2,8555234,0xf6a7df7c9e91273e58a2e126e4d2d9e7c34f4ffdf2bb2cae5a55d97bed11c136,2,democracy,PreimageNoted,GLVeryFRbg5hEKvQZcAnLvXZEXhiYaBjzSDwrXBXrfPF7wj
8517872-0,8517872,,0,democracy,Passed,
8513567-0,8513567,,0,democracy,PreimageUsed,
8513567-0,8513567,,0,democracy,Executed,
8517878-2,8517878,0xd99ae46ffcc58e127b5792f6e337a64445288e68c66c4ef2c3dbb36c71b72335,2,democracy,PreimageNoted,GLVeryFRbg5hEKvQZcAnLvXZEXhiYaBjzSDwrXBXrfPF7wj
8517722-2,8517722,0x93b00e1c5e632bcfee84bdf59346095de73e772d2089aedeb92113dd5e3a0684,2,democracy,Started,FhLMxxkXxfgRRnv8hyRbNkpUMZ9umASMsRmKpZruVayaqhL
8512967-0,8512967,,0,democracy,Passed,
8512981-2,8512981,0x1e71e391898353b8e0780f7378310c4350f9d103db91c9e85da0ac3c56f15a1e,2,democracy,PreimageNoted,GLVeryFRbg5hEKvQZcAnLvXZEXhiYaBjzSDwrXBXrfPF7wj
8487831-3,8487831,0xe172f8d4f14c8f388681f282c0ab8ee8eec46c908061e7278d693daf1ac079b1,3,democracy,PreimageNoted,GLdmgauKv65SSwkYqRVtXEoPpxxgNvBSkBtaHfk3kuKGkfm
8469350-4,8469350,0x53d3218cd145f56a275b2b96e9359ae30ffe5d3a37a9be6579348f7cd4cd66fc,4,democracy,Delegated,Eksma7JmWh8DenpNKi2uCavwaKJ9QrJJbtcnmwJr3hbHSmC
8271561-0,8271561,,0,democracy,PreimageUsed,
8457967-3,8457967,0x4a6ad6821abd3615bb1402e5b1b183ffb460e74ac07f65edad4b0d9ad0bca636,3,democracy,Started,J9nD3s7zssCX7bion1xctAF6xcVexcpy2uwy4jTm9JL8yuK
8271561-0,8271561,,0,democracy,Executed,
8270961-0,8270961,,0,democracy,Passed,
8512025-2,8512025,0xd447855fe28e5e471d39954e7c8f540fcd300cb48b25b966865fa4b4759b8430,2,democracy,Started,
8270345-2,8270345,0xa5ba391f5a9120b5b40856e47b1176191eb92cd63ad0d7bf3511825314ecdefa,2,democracy,Delegated,EwoVWW28Lp2HjFf42p2QnsNRnJZii8zJZhPW8uL3MNnS4dL
8271148-2,8271148,0x3733e516a059d1b4fa4201814e490da63c18618183777957477dd8fe5ffcef48,2,democracy,PreimageNoted,Dp2J1GeFstcK4bJ2QZyV6PdFvMZsyM4NYDdnuKWn4uwnVfs
8141802-0,8141802,,0,democracy,PreimageUsed,
8270275-8,8270275,0x5d4ddd39cde5017634c8459cb6cad0401153b235d7be66c25fc11a7014702a84,8,democracy,Delegated,EwoVWW28Lp2HjFf42p2QnsNRnJZii8zJZhPW8uL3MNnS4dL
8208787-7,8208787,0x368262848b8b60b49afc907bce7313e3e7ee159fb5988989317bea35782e452b,7,democracy,Delegated,D9RW9UQegyuGDwsBVbhPUtrBx6wgTTqgYQp9xPAxbpu4vzb
8269161-2,8269161,0x1e71153a9db8c3dbc8860003cc0f1a6093108e29790910a904792187e5e3fe61,2,democracy,Started,D67nuTGpCc6RwYGbEtag1BxCZkgERseH5FvQbogr8Ch3WzZ
8141802-0,8141802,,0,democracy,Executed,
8141202-0,8141202,,0,democracy,Passed,
8141219-3,8141219,0x6a529390fd6f629934aa0d8f368e5401a4d31bcf7dc9268fb7ac9f4bd2e853ba,3,democracy,PreimageNoted,GLVeryFRbg5hEKvQZcAnLvXZEXhiYaBjzSDwrXBXrfPF7wj
8085783-0,8085783,,0,democracy,PreimageUsed,
8085783-0,8085783,,0,democracy,Executed,
8112402-4,8112402,0x55c95fefcc942d1de1812ba661ef1c1304e603ffbb5887c04be7472b11d58455,4,democracy,Started,EGVQCe73TpFyAZx5uKfE1222XfkT3BSKozjgcqzLBnc5eYo
8085183-0,8085183,,0,democracy,Passed,
8085194-4,8085194,0xecd15f937f4b1828cc1096c15c5c6d0a0570d79e5113acb53ce73cd5497a8453,4,democracy,PreimageNoted,GLVeryFRbg5hEKvQZcAnLvXZEXhiYaBjzSDwrXBXrfPF7wj
8073833-0,8073833,,0,democracy,PreimageUsed,
8083383-2,8083383,0xb4f43d0810e44c1c97c6f41a9517a0e8804c937daab28be369c3cb1d47acf8af,2,democracy,Started,EGVQCe73TpFyAZx5uKfE1222XfkT3BSKozjgcqzLBnc5eYo
8073833-0,8073833,,0,democracy,Executed,
8073533-0,8073533,,0,democracy,Passed,
8010981-0,8010981,,0,democracy,PreimageUsed,
8071733-5,8071733,0x5ef4ee73ca1dccf4389dd44c631ed86ce89bf8529baeebf004c1762a19793c05,5,democracy,Started,D63wPTYs1i2nCSFYwkHNxTnU4D4nSiq9KXbkVLrUFpLaftK
8010981-0,8010981,,0,democracy,Executed,
8010381-0,8010381,,0,democracy,Passed,
8073545-3,8073545,0x330d04dea4df7a4dd26e435129fcf4907e3188e9c29747e88a4aeb8e3555afdc,3,democracy,PreimageNoted,GLVeryFRbg5hEKvQZcAnLvXZEXhiYaBjzSDwrXBXrfPF7wj
7999581-4,7999581,0x755ed9a33bc3f87915e28391d6979ad3c6cc0371d816a43ce59b4badc196cf08,4,democracy,Started,D63wPTYs1i2nCSFYwkHNxTnU4D4nSiq9KXbkVLrUFpLaftK
7812476-0,7812476,,0,democracy,PreimageUsed,
7812476-0,7812476,,0,democracy,Executed,
8010397-3,8010397,0xdaf9116eb7f1a003930d3e6dd66c940f7382ebe6b8d08adc3c7a36598e35cda4,3,democracy,PreimageNoted,GLVeryFRbg5hEKvQZcAnLvXZEXhiYaBjzSDwrXBXrfPF7wj
7924653-3,7924653,0x1c1726915b64aefdbf909008b0e48030fa8446cf845cb87281d016fc4408261b,3,democracy,Delegated,Dm64aaAUyy5dvYCSmyzz3njGrWrVaki9F6BvUDSYjDDoqR2
7811876-0,7811876,,0,democracy,Passed,
7810396-0,7810396,,0,democracy,Executed,
7810396-0,7810396,,0,democracy,PreimageUsed,
7810386-0,7810386,,0,democracy,Passed,
7809790-0,7809790,,0,democracy,PreimageMissing,
7809780-0,7809780,,0,democracy,Passed,
7810286-3,7810286,0x55f6ce1bb8ef1773339380869566fadc97c13fd425cce3c500443e5643076d0c,3,democracy,Started,GUedgN4GKFzoAQAk1rz2jDuC3dFfxd1WReqL6yvHeP1Uc8o
7811897-2,7811897,0x29eaad6086edf15beafe9651bbc4c51b8c9b4b824d768ec007b08cd711f1bbd2,2,democracy,PreimageNoted,GLVeryFRbg5hEKvQZcAnLvXZEXhiYaBjzSDwrXBXrfPF7wj
7809818-2,7809818,0xe9af5e89d34b135d3036c2cf5530e6397341ab402578b4530848d25acd20eed6,2,democracy,PreimageNoted,GLVeryFRbg5hEKvQZcAnLvXZEXhiYaBjzSDwrXBXrfPF7wj
7756410-0,7756410,,0,democracy,Executed,
7808876-2,7808876,0x9aa51b442d0e03c0f053aeeb399ba77714aca78b634aa10479bffd0a9552a5f3,2,democracy,Started,D63wPTYs1i2nCSFYwkHNxTnU4D4nSiq9KXbkVLrUFpLaftK
7756410-0,7756410,,0,democracy,PreimageUsed,
7755810-0,7755810,,0,democracy,Passed,
7809680-2,7809680,0xa27a0768633cc74431d24f79834d5f41dc6bd143c49293885eb6ebcb0979fb81,2,democracy,Started,GUedgN4GKFzoAQAk1rz2jDuC3dFfxd1WReqL6yvHeP1Uc8o
7754339-0,7754339,,0,democracy,PreimageUsed,
7754339-0,7754339,,0,democracy,Executed,
7754189-0,7754189,,0,democracy,Passed,
7754010-5,7754010,0x1c28092f696094e0524539f75f316114827fca9b9e080f88f839ee8e93d5d69d,5,democracy,Started,D63wPTYs1i2nCSFYwkHNxTnU4D4nSiq9KXbkVLrUFpLaftK
7753477-2,7753477,0xd541a994cb89776337e268eb13ca85b20b3ee1e06da3ac2931532ae9162c66fe,2,democracy,PreimageNoted,GLVeryFRbg5hEKvQZcAnLvXZEXhiYaBjzSDwrXBXrfPF7wj
7743625-0,7743625,,0,democracy,PreimageUsed,
7743625-0,7743625,,0,democracy,Executed,
7751254-2,7751254,0xe12d96bb4035e00cbe08d94c8a31ee4ece183527b3adbffc969cffe6cdeb316c,2,democracy,PreimageNoted,GcDZZCVPwkPqoWxx8vfLb4Yfpz9yQ1f4XEyqngSH8ygsL9p
7743475-0,7743475,,0,democracy,Passed,
7741675-2,7741675,0x07d5f7285d6b382b22504e62571626d6079b9fcadb38459340b9badced128d4f,2,democracy,Started,GvBs67ZQ8QDupgseHKmrgmwKV8Qo5z75U2uJvDtou6pViSU
7741523-2,7741523,0xf431d21e8222c46fb360178a3a85fb5cd61b1aa7f1a38851ef1d73de69c75330,2,democracy,PreimageNoted,GcDZZCVPwkPqoWxx8vfLb4Yfpz9yQ1f4XEyqngSH8ygsL9p
7668600-0,7668600,,0,democracy,PreimageUsed,
7724846-2,7724846,0x99ca69c4ecf9a0228e0a79b8fe551b8139f30fe6f98342ab8d4b7039e2dae617,2,democracy,Delegated,GnL41mJJJTp9npr1W9wLMzEfFL4thqyjPt6hwxLirmJt5vQ
7668600-0,7668600,,0,democracy,Executed,
7752389-3,7752389,0xd9efc505469b975db34147faeac892e38bab2fed962241204079c465ec7f0e42,3,democracy,Started,
7668000-0,7668000,,0,democracy,Passed,
7660800-0,7660800,,0,democracy,NotPassed,
7657000-5,7657000,0x1faa3a67b53222a9e4195b366438f1a1e6fdf6b2b1dd54d59b6b43c756d1b66f,5,democracy,Started,D63wPTYs1i2nCSFYwkHNxTnU4D4nSiq9KXbkVLrUFpLaftK
7611754-0,7611754,,0,democracy,NotPassed,
7668014-3,7668014,0x65657fe439ae942f58739998896bd98c6ad944be76e5483806a41551c4dee961,3,democracy,PreimageNoted,GLVeryFRbg5hEKvQZcAnLvXZEXhiYaBjzSDwrXBXrfPF7wj
7610554-2,7610554,0xbc7d4724a8d2701653d69eeb456dd44fb3ef40d6730b5b63fe2c9c24838b5801,2,democracy,Started,FhLMxxkXxfgRRnv8hyRbNkpUMZ9umASMsRmKpZruVayaqhL
7560000-0,7560000,,0,democracy,Tabled,
7609687-2,7609687,0x41f5e3ff3a7852335b455519ade6c6736940133c2b746bb72422112247749647,2,democracy,PreimageNoted,GLVeryFRbg5hEKvQZcAnLvXZEXhiYaBjzSDwrXBXrfPF7wj
7560000-0,7560000,,0,democracy,Started,
7560000-0,7560000,,0,democracy,NotPassed,
7641090-4,7641090,0xd5bc03c2b8e666b22bb8f462c69f919733b152efcc06211651ca7d6fa9faba84,4,democracy,Delegated,HbXZwZAMmNigkSTehZaHgtkgzLkQrALSSmiec6i2wH57s3A
7513582-0,7513582,,0,democracy,Executed,
7513582-0,7513582,,0,democracy,PreimageUsed,
7513432-0,7513432,,0,democracy,Passed,
7512832-2,7512832,0x721a5ffb09ec2a483735ae51f3df3a8b51992ade8d7b8231137de728bac5c15f,2,democracy,Started,FhLMxxkXxfgRRnv8hyRbNkpUMZ9umASMsRmKpZruVayaqhL
7472394-0,7472394,,0,democracy,Executed,
7484277-3,7484277,0x75b27dcd9cdaddf35803f695a0573b2632be46cec0e01a382fda6e2725691525,3,democracy,Proposed,J26pCNHyG82faYWnQTqFve9A5XGpqHzNXBQLac9j9pX3r9z
7484311-4,7484311,0x00f39d5317b57377a0567a111017128063dc3fe21f8be92762da54df6caa66d2,4,democracy,PreimageNoted,J26pCNHyG82faYWnQTqFve9A5XGpqHzNXBQLac9j9pX3r9z
7472394-0,7472394,,0,democracy,PreimageUsed,
7512867-3,7512867,0x632f0a7ce788f101a3285f50876fe9bdb9e8ca4b7da7b18120c1a6f1622b75d7,3,democracy,PreimageNoted,FcxNWVy5RESDsErjwyZmPCW6Z8Y3fbfLzmou34YZTrbcraL
7472094-0,7472094,,0,democracy,Passed,
7470894-2,7470894,0x9529468b5436fcabfbc566396415957f2af79c99dfb1434e4cd203999ccb2c99,2,democracy,Started,FhLMxxkXxfgRRnv8hyRbNkpUMZ9umASMsRmKpZruVayaqhL
7468792-0,7468792,,0,democracy,Executed,
7470702-2,7470702,0x9123936675bda799779e449a4f356e9b93e872d9a451118f026292ab3fd31d11,2,democracy,PreimageNoted,GLVeryFRbg5hEKvQZcAnLvXZEXhiYaBjzSDwrXBXrfPF7wj
7468792-0,7468792,,0,democracy,PreimageUsed,
7468192-0,7468192,,0,democracy,Passed,
7459200-0,7459200,,0,democracy,Tabled,
7459200-0,7459200,,0,democracy,Started,
7452196-2,7452196,0x5fcef90e3384d198af29950e6e7dd2c44218d7c407969f9ab438dfd8d2e9ab7e,2,democracy,Undelegated,GUk5FnRkhU6bk9vwmp1iahnDESLjBxh17Tee7oTt4Fsv41U
7442992-1,7442992,0xeaae8830ad1d48c8e27547ee3b289fe17265af902715f050e4a24ef1192d67a0,1,democracy,Started,D5n5UyNQtV4HQFiZqFPXW59FiMQTLbk4CPJKXd2ghvpBzxT
7468254-1,7468254,0xe7ac6d20b2c87ad4674f316f4ba028359f34219d07c5b9170699a26340d14cba,1,democracy,PreimageNoted,HtGGdhxk2CFYAa5hqzMXK4YLuxoX9sbAEaRAdKt3b84GGjE
7452194-2,7452194,0x2a9c6cbef30680ca6ab23a1ab32e44a9ae4283a8c169a32b7744163b6a5207b1,2,democracy,Undelegated,FjNVhKBBbTdgpCeoqoetjJa2bJwiBnnJ4vZicy9U3mWja9v
7415444-1,7415444,0x0c63cab66e86d8207c2ce1f004b52a2d8a0117f8be72d01063b74c1ea8db8f9f,1,democracy,Proposed,EGRavcriE9VgSfMm3sad8iiauKge4VYtC5uMHQAnhR9gsTR
7415386-1,7415386,0x7f10f9cd59ed308c6a4748edc41c143298059d72f94a286b5392a552636eb3b1,1,democracy,PreimageNoted,FSjMXcYb7DVFtLYMb5C5U6HSg5MAiNTDWPuvsQbyecTae7L
7100891-0,7100891,,0,democracy,Executed,
7240165-2,7240165,0x4e22d496ad350d8590270c8b8151e70a7cf6f17078bb33f6d6581ef466c9e3e8,2,democracy,Delegated,EXGbhMrQubm7pRkUSkTEGi2rmR764ZM7kStfCRo2cZYa8VE
7100891-0,7100891,,0,democracy,PreimageUsed,
7099091-0,7099091,,0,democracy,Passed,
7055891-1,7055891,0xcab35ff1726d5db2331ae2691215db6579f60bdbaef40471fd7b35d26d502aef,1,democracy,Started,D63wPTYs1i2nCSFYwkHNxTnU4D4nSiq9KXbkVLrUFpLaftK
7099104-1,7099104,0xeae6a76de8c2c63e867679ffc447f9c525170eb86cdaa71e6212a51313b3a92f,1,democracy,PreimageNoted,HtGGdhxk2CFYAa5hqzMXK4YLuxoX9sbAEaRAdKt3b84GGjE
7056307-1,7056307,0x7c37945504573b7338459cd5c42435191e0e08ed5ca07f1530b3b1115f257579,1,democracy,Delegated,EAZbMxUvCqL7kXcUZeG5B6R3tjgmEpWsm53kPejVz2zJGjq
7044465-1,7044465,0xef254b979f9afd92f209ba1e360fa0bab364d9f2c43491763c22944dba844ac4,1,democracy,Undelegated,ES5r4MQdKj7PDrTqupYt4F4egunbErurYmrHtJZqH8Tovmj
7044263-1,7044263,0xecc659a73fea4caecfc99b934843b066271ab859c4771f6566e1bfde1e6e05c8,1,democracy,Delegated,ES5r4MQdKj7PDrTqupYt4F4egunbErurYmrHtJZqH8Tovmj
6901883-1,6901883,0x098515f7e90c7f33321a9067df2477ea27f732a22c47899898b642890a7b7037,1,democracy,Undelegated,Gno871Jo89rLgs6u6TXhjpm2KE6tYvbcHQbc84CAacQY1NV
6878624-1,6878624,0x2961f9233359d56e6cba3daa12a7199204e85bb00523c174caaed78cf34efe1a,1,democracy,Delegated,Dywwg7ng3Dy3iKnqinHtuvLX4NJRBNxGQwkrA6dgSsvzkMC
6691068-1,6691068,0xfe47eb65014a34d64bdce2eb909f73ba0c222d38296b4f6076cff15433940035,1,democracy,Delegated,CmD6gt6V5nPUCTYnWCmM5JxTMk9ocwfZqfiRqLK2B1rotGE
6878608-1,6878608,0x11c1377d46ab790edcb9b20801bbcfa253c46533b1acd71b2c0530cc77312c7c,1,democracy,Delegated,Dywwg7ng3Dy3iKnqinHtuvLX4NJRBNxGQwkrA6dgSsvzkMC
6667200-0,6667200,,0,democracy,Executed,
6690958-1,6690958,0xa02e8595598a1ecffbcc98af4294c02eb69700e05500e15abf4f6434268e0e73,1,democracy,Delegated,FxkuKd64DgjenZ9V7ZNxNeUULSxnVN3ppEAA8XGokbjVmMs
6667200-0,6667200,,0,democracy,PreimageUsed,
6561855-0,6561855,,0,democracy,Executed,
6561855-0,6561855,,0,democracy,PreimageUsed,
6691004-1,6691004,0x103f90a14cd9c7a48596c26767f7d012f507f49f1b25847d3f3c06ad39a013af,1,democracy,Delegated,HaYpevjaPQ3WaEU3hCFED9SCPo5F99LEYS7g6tVh4Ahynjt
6552000-0,6552000,,0,democracy,Passed,
6547455-0,6547455,,0,democracy,Passed,
6518655-1,6518655,0x691ddb39b36e48c19cb02da22e465ef4ce350169fdbe102acf4457716fcb216b,1,democracy,Started,Fa1me4dit46AFSjinM89EsfiF7T91seEPU4wY9JNJQ752Sg
6451200-0,6451200,,0,democracy,NotPassed,
6451200-0,6451200,,0,democracy,Started,
6451200-0,6451200,,0,democracy,Tabled,
6490131-1,6490131,0x9f523e97a6a547581a445c19ac6fc32fe5181bb284475633c53221645ae2d876,1,democracy,PreimageNoted,EYksma7xzQZiHRMzV3CjaKC6JDS6U4cX3W7Z9pkUDAUqTSK
6448140-1,6448140,0xbac229df56158fbaeb41ec860e3bde2657d1c40d60c730bb49d047b43abc8b65,1,democracy,PreimageNoted,CsCrPSvLBPSSxJuQmDr18FFZPAQCtKVmsMu9YRTe5VToGeq
6547469-1,6547469,0x4ee3c5a70c0de0b2e0d6141ad49aa44b325ac3a7dfd1847cfcdcf77ac4a12040,1,democracy,PreimageNoted,GLVeryFRbg5hEKvQZcAnLvXZEXhiYaBjzSDwrXBXrfPF7wj
6350400-0,6350400,,0,democracy,Tabled,
6448178-1,6448178,0xd877f49332413163078be0d64eabb0f33c8481c0338db743d9ab3657a42c99a4,1,democracy,Proposed,CsCrPSvLBPSSxJuQmDr18FFZPAQCtKVmsMu9YRTe5VToGeq
6416290-1,6416290,0xee5d3b9882e5c3dcfc765102054a83fe4808043ddda257f5094d224137158445,1,democracy,PreimageNoted,GSSwA68Vf9xxDa1NpgRyDKyGXAMkJpDRCARibepKmskKZut
6350400-0,6350400,,0,democracy,Started,
6350400-0,6350400,,0,democracy,NotPassed,
6249600-0,6249600,,0,democracy,NotPassed,
6251868-1,6251868,0xac8040afc15ee7f85e153a2901d565b2448db17936b8fb623a383acdf58b8b51,1,democracy,Delegated,HbXZwZAMmNigkSTehZaHgtkgzLkQrALSSmiec6i2wH57s3A
6249600-0,6249600,,0,democracy,Started,
6325937-1,6325937,0x46f917cebf08e11a83dd64f7f6de0a5c00bb0e538b4e269bfedc32d04ab6d507,1,democracy,Proposed,GG1G82xppKX4RqEoaZKnKZmQbqjB1H2Athy3N3QnzyRLWmd
6249600-0,6249600,,0,democracy,Tabled,
6325948-1,6325948,0x9754dbb33d8f4951fa28086aa0e75ee07f042d3f48ffaaaf089586e41efd00ce,1,democracy,PreimageNoted,GG1G82xppKX4RqEoaZKnKZmQbqjB1H2Athy3N3QnzyRLWmd
6148800-0,6148800,,0,democracy,Started,
6148800-0,6148800,,0,democracy,Tabled,
6137912-0,6137912,,0,democracy,Executed,
6137912-0,6137912,,0,democracy,PreimageUsed,
6137312-0,6137312,,0,democracy,Passed,
6094112-1,6094112,0xdd448ae6b4f04e29cc0027656c02408b7cf1fdb06f82c3536f8aefc44808f40f,1,democracy,Started,Fa1me4dit46AFSjinM89EsfiF7T91seEPU4wY9JNJQ752Sg
6053695-1,6053695,0x2f2cc954f1d8067ed6d7b1a4e0c4138d3c707f82b74d737e5bc60ddaaab87771,1,democracy,Delegated,FFN6rWq7DysPaATkiywXdkQfj5x4D8Xg1ypESGv2AASzDgb
6053689-2,6053689,0x0990654bf3c7a3781eb6245da39dabdde72d948c8883ac727b381fffccafd795,2,democracy,Delegated,ExZbLYcMcwhhQL93xwiF9jEWrRdzssL5EnH4CeRJC8fTShB
6049105-1,6049105,0xaa329937e20fc480ce64408110dbd6d666e486d3a7e09c1a30a1a9fb6cfb5012,1,democracy,Proposed,EtAbmzZBkU5GSLDKpg33BtTuBWT326mcxbBLN8uQJX2jF8L
6048000-0,6048000,,0,democracy,NotPassed,
6048703-1,6048703,0x6b48446790d11271a71dfcf3396ecffcbbd8b528dff6c99f002ecd4f38a24936,1,democracy,PreimageNoted,EtAbmzZBkU5GSLDKpg33BtTuBWT326mcxbBLN8uQJX2jF8L
6137335-1,6137335,0x42cbc32e36cc578f6709dd20fd4cc53cd57633a53146b8fd1df80a5298de87d0,1,democracy,PreimageNoted,GLVeryFRbg5hEKvQZcAnLvXZEXhiYaBjzSDwrXBXrfPF7wj
6048885-1,6048885,0x5063259a4b98cecfb0f174f448eefb1d403e227f0e9674cf9d1dd05637867ca9,1,democracy,Proposed,EtAbmzZBkU5GSLDKpg33BtTuBWT326mcxbBLN8uQJX2jF8L
5961600-0,5961600,,0,democracy,PreimageUsed,
5961600-0,5961600,,0,democracy,Executed,
6013129-1,6013129,0xb7463b79e824192572683d4e286b9037bad0ba1922af858aa30772a97bbcf8e5,1,democracy,Delegated,GUk5FnRkhU6bk9vwmp1iahnDESLjBxh17Tee7oTt4Fsv41U
5947200-0,5947200,,0,democracy,Tabled,
6013134-528,6013134,0xd736e2a65580aa9e7dbc3b93808fed180a2c5e4564bfeab160b1bc10a0d79291,528,democracy,Delegated,FjNVhKBBbTdgpCeoqoetjJa2bJwiBnnJ4vZicy9U3mWja9v
5947200-0,5947200,,0,democracy,Started,
5930939-2,5930939,0x35f570874af97d009883a37143383fa90811abc020fdfa5f1aa1069d0cc703f0,2,democracy,Undelegated,DD6ZXTNVRnTd3bjr5WGPNgJPLAVN1AYe5YQSsGSFPMB1oWZ
5922651-1,5922651,0xc4f314f645411bc095885cc871e5c3c6ab538bafe315b017b2d878cc1b0fa11b,1,democracy,Undelegated,ECuRewx5wjGqNiqv2iguVdsQJmkmYS7KXQ8YoCHxyWgezd1
5883751-1,5883751,0xf3caa8e7b0066283063e58e87ed07f89113c5dc37b7a70353a946e39a9859a21,1,democracy,Delegated,HbXZwZAMmNigkSTehZaHgtkgzLkQrALSSmiec6i2wH57s3A
5883719-1,5883719,0x019393f5baabcf32bf683fa912995b5789924e5eda61a0f935b778b32a8be5d2,1,democracy,Delegated,HbXZwZAMmNigkSTehZaHgtkgzLkQrALSSmiec6i2wH57s3A
5866150-1,5866150,0x89bd790595b1e9a37f7b73c217b9c0039621d359b4be9cee88ff227f5271ff1d,1,democracy,Proposed,DbF59HrqrrPh9L2Fi4EBd7gn4xFUSXmrE6zyMzf3pETXLvg
5846400-0,5846400,,0,democracy,Passed,
5866116-1,5866116,0xc010432c5bb5d3f610286135728e5358c523f1b6b6a7dd7cc3b9cb9ee821fb49,1,democracy,PreimageNoted,DbF59HrqrrPh9L2Fi4EBd7gn4xFUSXmrE6zyMzf3pETXLvg
5812741-1,5812741,0x67b22f26c9ce438949ad82d06ae1bccb87a97aa674781f662db4aa1d671e8f09,1,democracy,Delegated,HbXZwZAMmNigkSTehZaHgtkgzLkQrALSSmiec6i2wH57s3A
5745600-0,5745600,,0,democracy,ExternalTabled,
5745600-0,5745600,,0,democracy,Started,
5812480-1,5812480,0x1f01d1a1370a6b7c1f0dcc877370da902c791e12d136d8059081ece0aac969dd,1,democracy,Undelegated,Fom9M5W6Kck1hNAiE2mDcZ67auUCiNTzLBUdQy4QnxHSxdn
5745600-0,5745600,,0,democracy,NotPassed,
5851178-1,5851178,0xd4ac0c502dc731c53be0d9328bbe7cd9a61191191f79e6d745acc4e606afafba,1,democracy,PreimageNoted,GLVeryFRbg5hEKvQZcAnLvXZEXhiYaBjzSDwrXBXrfPF7wj
5644800-0,5644800,,0,democracy,Tabled,
5644800-0,5644800,,0,democracy,Started,
5645265-1,5645265,0xca36819462b95a5c872b240cd09e55cc7c68350b66c541d984169633546a179c,1,democracy,PreimageNoted,D9VwVTVjCyeGPa3FP84T6jUbbtpHgBhvHSZYxvAES3fV8M5
5644800-0,5644800,,0,democracy,NotPassed,
5544000-0,5544000,,0,democracy,Started,
5551619-2,5551619,0xc70419c60332a205014f707b5164864c8193450684607b22ec04b7abdaa66068,2,democracy,Delegated,Eksma7JmWh8DenpNKi2uCavwaKJ9QrJJbtcnmwJr3hbHSmC
5544000-0,5544000,,0,democracy,Tabled,
5541155-1,5541155,0x2076ef5c62f4c2694b5721193dd3b1aedadb812a9425a09e35fa687b86aab9ba,1,democracy,PreimageNoted,G7jW2fAGQH67Z8kgRHYDeKMGmTxFczv1sF83REd2AAXB6gM
5541164-1,5541164,0x4563d6007b76d4a4d1f185b6bc10a195e7a85eb8761790f647c77fcdb97e82b9,1,democracy,Proposed,G7jW2fAGQH67Z8kgRHYDeKMGmTxFczv1sF83REd2AAXB6gM
5478824-2,5478824,0x93b467dcc5ea226c32b38132049406be4f58ed54c251d38faed6754e6054b9e5,2,democracy,Delegated,DmAEBK4iCZH4eXiPxDHQTwJcaVoQHBBxERBqwtyPPwnrFAu
5478822-1,5478822,0x8fd7b89322bbe0e0c4c1120be5b5d6401aff228d8646097823e2ebbd26d15703,1,democracy,Delegated,DSNBPrfLNw3o6sBJb78e7Qr8tUtiyTt1eUHaMiHBL2Ef6x3
5478820-1,5478820,0xed767c58b56cf090afec1a295b6233ce9c1f12a008c597a32ab9d6221362bf30,1,democracy,Delegated,Fu2yt5ycYPQ244xhq5aEXuWCCkyU98bYaYuz3NpmPujr1Cd
5473634-1,5473634,0xaa32f469413606ebaf57cb3ed775637755bbd04d262e4ad4208b4c0826c51671,1,democracy,Proposed,GFYfceG7tZMhYNdcxDy6pTDtYrrR3UotBQ8i5BDKmvWRczi
5457600-0,5457600,,0,democracy,Executed,
5478815-1,5478815,0x21200d0a95fe7853d2994703bbe9089765dd70b934b6df6131dd6e8e4bb608e4,1,democracy,Delegated,DotZjX3yrnoxnt7f9oqpz4Qz2Ww34qracFND3s8eB5o4PsT
5457600-0,5457600,,0,democracy,PreimageUsed,
5342400-0,5342400,,0,democracy,Passed,
5373075-1,5373075,0x9fd22e4457e1155a26987d76e51612981a44c35ca728ade61f47816698322717,1,democracy,Delegated,GnL41mJJJTp9npr1W9wLMzEfFL4thqyjPt6hwxLirmJt5vQ
5473579-1,5473579,0x3a1a9bfc06eacdd8f5f3113549e6a13daecf579e27155cf60a46778f89ac9a1c,1,democracy,PreimageNoted,GFYfceG7tZMhYNdcxDy6pTDtYrrR3UotBQ8i5BDKmvWRczi
5256000-0,5256000,,0,democracy,Executed,
5279836-1,5279836,0xa69746cfc3e66f79e616e7d17b2b0ef369c6576989113d32f454c4137a99904b,1,democracy,Delegated,GerXSUuRXUk8sc73P5JL2id594yNVHg5sfuGKttqHZxdVto
5256000-0,5256000,,0,democracy,PreimageUsed,
5241600-0,5241600,,0,democracy,NotPassed,
5253658-1,5253658,0xdfe6e6c627d789d882f4f481c6d74be68b73ef2d4f7119706c5534904e5ada18,1,democracy,Undelegated,EcxFHb7xzYUvLxkTCpJqGFmdquSKTHziX7nUPaG9SGkpv4m
5253585-1,5253585,0xfd5d63f9bcec5a35b10d9eeae2c0931ed1295abd4afced3385649032237fbe81,1,democracy,Delegated,EcxFHb7xzYUvLxkTCpJqGFmdquSKTHziX7nUPaG9SGkpv4m
5241600-0,5241600,,0,democracy,Started,
5241600-0,5241600,,0,democracy,ExternalTabled,
5157411-2,5157411,0x53b49a472fce9dac2d7f36ad848af5e01ea6e6c167022c56c030ffedecc4de06,2,democracy,Delegated,DD6ZXTNVRnTd3bjr5WGPNgJPLAVN1AYe5YQSsGSFPMB1oWZ
5140800-0,5140800,,0,democracy,Passed,
5140800-0,5140800,,0,democracy,Started,
5153688-1,5153688,0x57229f5d4cc980b65b38104590e82475d6b5bcab4ee9474bf69651ae68296a43,1,democracy,Delegated,GerXSUuRXUk8sc73P5JL2id594yNVHg5sfuGKttqHZxdVto
5140800-0,5140800,,0,democracy,Tabled,
5078539-1,5078539,0x15becf1e74964e9afab33e6394e007bf997a8be7d57a8331334cfb8c68350d1c,1,democracy,Delegated,HngUT2inDFPBwiey6ZdqhhnmPKHkXayRpWw9rFj55reAqvi
5078529-1,5078529,0x7a3097610614dba068f5340a52d698e7e35c1b518b24c64aa33c7a63d45c7ea3,1,democracy,Delegated,FP6NJ41XMsHb2t7ijRhrtNW9mmNkRp9jMfw5Nwakvz9xNXE
5078534-2,5078534,0x83d064b9fe5ec7b4320473e65942759e4dd6539b5ec29a3e4d487f10f817ecad,2,democracy,Delegated,DB1LqEtpsbhqUK3mfFkqziYk3qhKgrwcJyZ6ruhqjMAeVRg
5063215-2,5063215,0x3a58df5f410eaa99afcb270e0c9a5dd1363e05e1ae4201010cc64ee311624456,2,democracy,Delegated,GerXSUuRXUk8sc73P5JL2id594yNVHg5sfuGKttqHZxdVto
5053783-1,5053783,0x88bce55b9b69ba175697282df8d479348718e3c83ce9a0cb5a44a94403bd8100,1,democracy,PreimageNoted,GtGGqmjQeRt7Q5ggrjmSHsEEfeXUMvPuF8mLun2ApaiotVr
5040000-0,5040000,,0,democracy,Started,
5053432-1,5053432,0x09d6bcbe769dc5967e635f819bfd7d92189e2fa31045a0d195387088288bd84a,1,democracy,PreimageNoted,GtGGqmjQeRt7Q5ggrjmSHsEEfeXUMvPuF8mLun2ApaiotVr
5040000-0,5040000,,0,democracy,ExternalTabled,
4995528-2,4995528,0xcd8bda26f3d3268b9089218c2b5d8812bcc7f596dd2c04e4dde6f03be4a578d9,2,democracy,Proposed,DwYbGyzq3sCxgZpKDqJLYX3KcPNZpiTKsvMfYdYnXGZjf3M
4995333-1,4995333,0xca25f415ba3f8af793cc163fb245a84642b2bd55d7777507e294019fb6e38ce1,1,democracy,PreimageNoted,DwYbGyzq3sCxgZpKDqJLYX3KcPNZpiTKsvMfYdYnXGZjf3M
4841367-0,4841367,,0,democracy,Executed,
4841367-0,4841367,,0,democracy,PreimageUsed,
4841267-0,4841267,,0,democracy,Passed,
5063225-1,5063225,0x9af0ca755214ce415053131cfbe7357b8caacf0101f53ac2b48073785f66bc47,1,democracy,Delegated,
4970143-1,4970143,0xeb754ebf78c6bd4d8cf2ed0fb22f236eb1f85af44eaa1325e349088aa732b290,1,democracy,PreimageNoted,GLVeryFRbg5hEKvQZcAnLvXZEXhiYaBjzSDwrXBXrfPF7wj
4737600-0,4737600,,0,democracy,NotPassed,
4802867-2,4802867,0xfa7cd5b242e48cda92dddf33adc7d15a1f3d8d11c4945da7645f877fea4fa0c0,2,democracy,Started,Fa1me4dit46AFSjinM89EsfiF7T91seEPU4wY9JNJQ752Sg
4729254-1,4729254,0x8b37665f81868d006a146fdd417bcaf3ad8c225a524543cad083a0bb9ffe4ca7,1,democracy,Undelegated,Hnz1i4ZcUpAQokFiFGKAzcE7ikYS1zaKJcotRREkGxuyFSQ
4636800-0,4636800,,0,democracy,Started,
4636800-0,4636800,,0,democracy,Tabled,
4841284-1,4841284,0x94b8991ef999dcaad76ff5e445c11b3890fdf0af5814f6efc931f6d2bcfb7f4d,1,democracy,PreimageNoted,GLVeryFRbg5hEKvQZcAnLvXZEXhiYaBjzSDwrXBXrfPF7wj
4630844-1,4630844,0x4c7452483bc72d1eba91595bd851e973a93bff4dd04219c4ee16b8de80f4ad4a,1,democracy,PreimageNoted,GXkpdaPWTyRhBPEZVMXBorQm3WUsf3hNzwsfxRvydSshevk
4643928-3,4643928,0xc288da0c80b7c3f64e8a664f20fed67c57c44ecc4720af5d6d32fe212a04170b,3,democracy,Delegated,EAZbMxUvCqL7kXcUZeG5B6R3tjgmEpWsm53kPejVz2zJGjq
4627323-1,4627323,0x0d10a8c20d000ade7c5ae47ab687c7163e224b4a2f345832e454165ea88c1eff,1,democracy,Proposed,EqvEVhRA2q85kvqTti7AfZMUrrLnPjYo3R2JpRNWmTLsHkj
4571937-0,4571937,,0,democracy,Executed,
4571937-0,4571937,,0,democracy,PreimageUsed,
4571927-0,4571927,,0,democracy,Passed,
4627297-1,4627297,0x552350b5cc5927e70a51267a67651177f654d726a48787f75fb36bd3e569ce1f,1,democracy,PreimageNoted,EqvEVhRA2q85kvqTti7AfZMUrrLnPjYo3R2JpRNWmTLsHkj
4570127-2,4570127,0x600c4eb524dd2e992c70bd92e04c5fbca7992b67406c0639fafd98be89b005d6,2,democracy,Started,Fa1me4dit46AFSjinM89EsfiF7T91seEPU4wY9JNJQ752Sg
4550400-0,4550400,,0,democracy,Executed,
4567509-2,4567509,0x81371e46bf6dcaa4054e5b8901dbe9bddad4b89076db0ac3ec89c48e1b88d398,2,democracy,PreimageNoted,GLVeryFRbg5hEKvQZcAnLvXZEXhiYaBjzSDwrXBXrfPF7wj
4550400-0,4550400,,0,democracy,PreimageUsed,
4435200-0,4435200,,0,democracy,Passed,
4401242-0,4401242,,0,democracy,Executed,
4401242-0,4401242,,0,democracy,PreimageUsed,
4400942-0,4400942,,0,democracy,Passed,
4334400-0,4334400,,0,democracy,NotPassed,
4386842-1,4386842,0x7bea88cbc98c3675c0f153653de1a902f2efba3ef386197b6e87db7c218db1cb,1,democracy,Started,Fa1me4dit46AFSjinM89EsfiF7T91seEPU4wY9JNJQ752Sg
4334400-0,4334400,,0,democracy,Started,
4400963-2,4400963,0xc011ed30e56b0525de10a539633ecc4fcc90d8de6a7ccbfff2b9aaf3a60f441a,2,democracy,PreimageNoted,GLVeryFRbg5hEKvQZcAnLvXZEXhiYaBjzSDwrXBXrfPF7wj
4334400-0,4334400,,0,democracy,Tabled,
4328133-1,4328133,0x8bc17acc0a852151939361e385ad74cea8e7b4ad769fa0ccb77b8d22c2c21774,1,democracy,Proposed,EDNEfKXHd645DPpBhLZjaEwp4sPhj4STjjS4QrMbFU1FqbZ
4233600-0,4233600,,0,democracy,NotPassed,
4328112-1,4328112,0xf1cc562a8f4493e78b210dc31bbf691b89bd7ed36d32466b267b9a91010ed425,1,democracy,PreimageNoted,EDNEfKXHd645DPpBhLZjaEwp4sPhj4STjjS4QrMbFU1FqbZ
4233600-0,4233600,,0,democracy,Started,
4233600-0,4233600,,0,democracy,Tabled,
4191912-0,4191912,,0,democracy,Passed,
4191912-0,4191912,,0,democracy,PreimageUsed,
4191912-0,4191912,,0,democracy,Executed,
4191882-2,4191882,0x1f444775b5f79dffc609070be8f28057f0c2dd6de0e38693592082eb72ef3e4f,2,democracy,Started,F2i6trfXqFknbgB3d9wcd1X98WWdLLktmFtK8Beud75bjTW
4143129-0,4143129,,0,democracy,PreimageUsed,
4143129-0,4143129,,0,democracy,Executed,
4191854-2,4191854,0x0d6f262aadb553c9eb0d253ec5ef2f06c5521552e3b7a9178d18cda4278e69aa,2,democracy,PreimageNoted,J9nD3s7zssCX7bion1xctAF6xcVexcpy2uwy4jTm9JL8yuK
4141329-0,4141329,,0,democracy,Passed,
4132800-0,4132800,,0,democracy,NotPassed,
4132800-0,4132800,,0,democracy,Started,
4137242-1,4137242,0xca0145c8085c566f1b4a5e3beb8bd377be82dff65eeb88e5833a1b547168a6d9,1,democracy,Delegated,EtkgSwPdcTkZrWRJMeJHSTPVf9yNjv8gDMDLFVL1Y8HzoHb
4132800-0,4132800,,0,democracy,Tabled,
4141362-2,4141362,0xf25fa518fa4623532fa51b4198094e2d884f3338b4ce422b9839b5d43e1e8f24,2,democracy,PreimageNoted,GLVeryFRbg5hEKvQZcAnLvXZEXhiYaBjzSDwrXBXrfPF7wj
4119963-1,4119963,0x71005fd59dc1ab057a06dcfcafb80ccd1eb1ab708b4b4a2b5410eb24807d1133,1,democracy,PreimageNoted,GqPDeJBexSsvEq6gBzrnMCn7KNYbzn9bX9ePCjEDN3EikoV
4117848-2,4117848,0x5d0e7e63a32dddbe4b6dfc2014987b65706ffc14eaf038a3cc640f04ca31c85e,2,democracy,Delegated,Gno871Jo89rLgs6u6TXhjpm2KE6tYvbcHQbc84CAacQY1NV
4070295-1,4070295,0x87d33bc1dfe4dcca672b83dccd43c68fd350de043789d19829d1d6fa8f1343d1,1,democracy,Undelegated,FXkJddo2bypz4EyikYZiCLcYv31afnPQkCzt7H6Zn6u6YXZ
4114329-1,4114329,0xcf86f3fb23d4335741599dbafbcd09a971974c5e0258da2c4d2c0ddb293b0ad0,1,democracy,Started,F2i6trfXqFknbgB3d9wcd1X98WWdLLktmFtK8Beud75bjTW
4070280-3,4070280,0xb92ceae680e630176cd144de1c18add04553223b618e0dfc27da334bbe2006bf,3,democracy,Delegated,FXkJddo2bypz4EyikYZiCLcYv31afnPQkCzt7H6Zn6u6YXZ
4032000-0,4032000,,0,democracy,Started,
4061481-2,4061481,0xa8d4f467ed97292f4f976b484080ac35208e1680dfa28fc2d7ee04bcd9370786,2,democracy,Undelegated,EfgcTUKkRkEHaahWmpg27fNQsKGHUZXbyjHX5K1PNgiivt4
4032000-0,4032000,,0,democracy,Tabled,
3965709-1,3965709,0x0422a6050fcfb32010740336169f3a95b772c29fc115ccc2ad9b50e6327270bc,1,democracy,Proposed,EwmmFbTsMFCins5PC9ij7W6RsSn6ABQNBj98UKKjvajJgat
3965705-1,3965705,0xbd22c15e2987754f00ac023c99d9c489ff3d9a55f80b2e2ec19a4e070ee3819e,1,democracy,PreimageNoted,EwmmFbTsMFCins5PC9ij7W6RsSn6ABQNBj98UKKjvajJgat
3965699-1,3965699,0x1435f2fc05cc9e003ca444403c9b302d69d3688dd7656f394f88b302e00bba5a,1,democracy,Proposed,EwmmFbTsMFCins5PC9ij7W6RsSn6ABQNBj98UKKjvajJgat
3965693-2,3965693,0x3bf4bc4a91d5756dfa27f5053bc7eba9c57fd5c511b768326e218c611f761afd,2,democracy,PreimageNoted,EwmmFbTsMFCins5PC9ij7W6RsSn6ABQNBj98UKKjvajJgat
3965658-2,3965658,0x822c286faec9a904a04a968288ed9148e5fb70b386b2c08813d6d171908f58d2,2,democracy,Proposed,EwmmFbTsMFCins5PC9ij7W6RsSn6ABQNBj98UKKjvajJgat
3931200-0,3931200,,0,democracy,NotPassed,
3965646-2,3965646,0x319e2f446c62f75e30de5667a783b71f9d0d8dfc87765a3c767258452321e214,2,democracy,PreimageNoted,EwmmFbTsMFCins5PC9ij7W6RsSn6ABQNBj98UKKjvajJgat
3860281-0,3860281,,0,democracy,Executed,
3860281-0,3860281,,0,democracy,PreimageUsed,
3858481-0,3858481,,0,democracy,Passed,
3859347-3,3859347,0xd3ebf3602f4a7d2a4c8d1a43d94a1672209ac5196aaae67a07e68eea90d1d0f9,3,democracy,Delegated,GjjobPv8zRc6mw4cBCuj4V96bPmW3q7Gwi51qTaxeE74jTM
3859358-3,3859358,0x277e9bdc79c4e316e274b65bc8f69db15721a38f47873fdc7596fecf99657044,3,democracy,Delegated,GjjobPv8zRc6mw4cBCuj4V96bPmW3q7Gwi51qTaxeE74jTM
3856681-3,3856681,0x13508bcc359cb9641507415bf08352ce8e30ccb01d41d0ded3dade8d2555a1c3,3,democracy,Started,Fa1me4dit46AFSjinM89EsfiF7T91seEPU4wY9JNJQ752Sg
3830400-0,3830400,,0,democracy,Tabled,
3830400-0,3830400,,0,democracy,Started,
3757375-3,3757375,0x145b0d18616e0d87d43eda0d38a9fdd625301485002887cb125b34a8856c928f,3,democracy,Proposed,EPQwunXqZVuHkj5KAujWMZFf6WtbZwiodZy8Dha2EaWLy85
3732854-5,3732854,0x263e0b92b1e78694a67ee59d36d6ffcb609dab70f662a34cfa77b2e9b3b8b02e,5,democracy,Undelegated,FkSf5DTxBorYfj2PkKo1FaWEDRMX2srpE9DhwQMCn2MJmp8
3757323-3,3757323,0x5363e7f6167a00044f781fc2e56840cf1ecc812cc7d9b65d0d6899aebc98225d,3,democracy,PreimageNoted,EPQwunXqZVuHkj5KAujWMZFf6WtbZwiodZy8Dha2EaWLy85
3846692-5,3846692,0x7df06fbfcadb895eab9b7540decefc102aa570598aacf50ab4466dfab0810450,5,democracy,PreimageNoted,GLVeryFRbg5hEKvQZcAnLvXZEXhiYaBjzSDwrXBXrfPF7wj
3687033-0,3687033,,0,democracy,PreimageUsed,
3732828-3,3732828,0x5dba9e637134071ed3ba26ec40b9dafa8bab541863b82fb1b8b870c7e6f32b3c,3,democracy,Delegated,FkSf5DTxBorYfj2PkKo1FaWEDRMX2srpE9DhwQMCn2MJmp8
3687033-0,3687033,,0,democracy,Executed,
3687023-0,3687023,,0,democracy,Passed,
3685223-2,3685223,0xe75ea52de34a5d65b245907bd67cabf6bc65fe34c416abc0eb23ce005d8f579b,2,democracy,Started,Fa1me4dit46AFSjinM89EsfiF7T91seEPU4wY9JNJQ752Sg
3674365-3,3674365,0xb9488473165c9a479f7f64e192eef6696c443b18e0a52c332fc9afe61724165a,3,democracy,PreimageNoted,J9nD3s7zssCX7bion1xctAF6xcVexcpy2uwy4jTm9JL8yuK
3649067-4,3649067,0xe41d950e5afa4961e1db75021f3c032724edfbf4a0af067139d9a907e38e368f,4,democracy,Delegated,DmAEBK4iCZH4eXiPxDHQTwJcaVoQHBBxERBqwtyPPwnrFAu
3649067-3,3649067,0xd70ccc810a0b7e49eb2136c10941d6cbdee791567539619e68d1b596cfdbc37e,3,democracy,Delegated,DSNBPrfLNw3o6sBJb78e7Qr8tUtiyTt1eUHaMiHBL2Ef6x3
3628800-0,3628800,,0,democracy,NotPassed,
3649066-3,3649066,0xf2287e55f606660fe5b481610e117ddf29bda779caafb62955fcf49f93d7078a,3,democracy,Delegated,DotZjX3yrnoxnt7f9oqpz4Qz2Ww34qracFND3s8eB5o4PsT
3649066-4,3649066,0x46a154451030dde12eff6960aac301be46742bb64479febc6225aae124f9bb25,4,democracy,Delegated,Fu2yt5ycYPQ244xhq5aEXuWCCkyU98bYaYuz3NpmPujr1Cd
3534175-0,3534175,,0,democracy,PreimageUsed,
3534175-0,3534175,,0,democracy,Executed,
3528000-0,3528000,,0,democracy,Tabled,
3528000-0,3528000,,0,democracy,NotPassed,
3528000-0,3528000,,0,democracy,Started,
3519775-0,3519775,,0,democracy,Passed,
3517975-3,3517975,0xc5ae76c8ca7b171d711395c51ec184b3a29830d764b6ae31d370a6c034eb42ae,3,democracy,Started,Fa1me4dit46AFSjinM89EsfiF7T91seEPU4wY9JNJQ752Sg
3427200-0,3427200,,0,democracy,Started,
3427200-0,3427200,,0,democracy,Tabled,
3449951-3,3449951,0xf95a5cfc2603903507513fb69fd6acd06ed2eafca4e396367d688e28305721ed,3,democracy,Delegated,Fom9M5W6Kck1hNAiE2mDcZ67auUCiNTzLBUdQy4QnxHSxdn
3389217-3,3389217,0xc97bc9e7a3f814f7f8c2b55dc3501e5195c69545f83f0e5d13c0619fd810ae46,3,democracy,Delegated,Fci85YRQtdX12pxajrFipL8PtR1r9W3Cur6B2WV9hwqdNT7
3377451-2,3377451,0x4b95998a82aa99c72be73419e50ef4c70b0cf08acc5deb786cbabdb6176e5a5c,2,democracy,Proposed,G5BULGS3PgB7YteJSEr57Qp3gbZncjgGy4xy8vgnMx9to9R
3522770-3,3522770,0x432022656aca6886dd4d8923789c25434c44daa8feadbefbdb0e3a8c80e5b9dc,3,democracy,PreimageNoted,GLVeryFRbg5hEKvQZcAnLvXZEXhiYaBjzSDwrXBXrfPF7wj
3368197-0,3368197,,0,democracy,PreimageUsed,
3378114-3,3378114,0x3038df5847df115e57f4c00c078c67817feaa1e718bf7e3f0843157d1c70432e,3,democracy,PreimageNoted,G5BULGS3PgB7YteJSEr57Qp3gbZncjgGy4xy8vgnMx9to9R
3368197-0,3368197,,0,democracy,Executed,
3368187-0,3368187,,0,democracy,Passed,
3377011-3,3377011,0x4b2f167ae05da617d9bb08ffb466445e9ea04c9d8797524159997ed9ddb89fde,3,democracy,PreimageNoted,G5BULGS3PgB7YteJSEr57Qp3gbZncjgGy4xy8vgnMx9to9R
3366387-3,3366387,0x0ca6b5108f23b7f1a661e4ddf44e1622c0bd6b5eb5e7843a7a22ae488c6c518c,3,democracy,Started,Fa1me4dit46AFSjinM89EsfiF7T91seEPU4wY9JNJQ752Sg
3358707-3,3358707,0xdb6a29627b99a9af066ec166592c9fca681d5d52b4c0245bb0fb3a0c682dcf78,3,democracy,Proposed,EwmmFbTsMFCins5PC9ij7W6RsSn6ABQNBj98UKKjvajJgat
3340800-0,3340800,,0,democracy,PreimageUsed,
3340800-0,3340800,,0,democracy,Executed,
3326400-0,3326400,,0,democracy,NotPassed,
3323565-0,3323565,,0,democracy,PreimageUsed,
3358701-3,3358701,0xbf113577eb7e24f5b90beccf5c66752e07223875bff10b455cb08e04db9e3950,3,democracy,PreimageNoted,EwmmFbTsMFCins5PC9ij7W6RsSn6ABQNBj98UKKjvajJgat
3323565-0,3323565,,0,democracy,Executed,
3350634-3,3350634,0xa0c0039d9e1ab5a355c8809bd2a88f548c70003b40bd733b4cd67a769780b6c0,3,democracy,PreimageNoted,H9eSvWe34vQDJAWckeTHWSqSChRat8bgKHG39GC1fjvEm7y
3323555-0,3323555,,0,democracy,Passed,
3321755-3,3321755,0x9c38b8442f51bdc6c635312b3bf251b4f7753d8cafaea3fa12faf5334130f14b,3,democracy,Started,F2i6trfXqFknbgB3d9wcd1X98WWdLLktmFtK8Beud75bjTW
3286163-3,3286163,0x3eaaf0074a3f6bc20550491f72c80bd990fa58f9ea70a4792f8a3f362bdf3612,3,democracy,Delegated,EfgcTUKkRkEHaahWmpg27fNQsKGHUZXbyjHX5K1PNgiivt4
3274408-0,3274408,,0,democracy,PreimageUsed,
3274408-0,3274408,,0,democracy,Executed,
3286147-2,3286147,0xb16d4c5bc3329fd964723e472af9c2453888fb72b10dfbbead1febe049ded69b,2,democracy,Delegated,Hnz1i4ZcUpAQokFiFGKAzcE7ikYS1zaKJcotRREkGxuyFSQ
3272608-0,3272608,,0,democracy,Passed,
3240000-0,3240000,,0,democracy,Executed,
3321753-4,3321753,0x19e28a72422ea3d58e253034bc625b0f94fd1a03ca84828032c6ea367544afdc,4,democracy,PreimageNoted,FcxNWVy5RESDsErjwyZmPCW6Z8Y3fbfLzmou34YZTrbcraL
3240000-0,3240000,,0,democracy,PreimageUsed,
3273108-3,3273108,0xc0243a9ae691da58e0b733bacff20e8e31c90abf0f9347fc7ded01fef0e1ed8a,3,democracy,PreimageNoted,J9nD3s7zssCX7bion1xctAF6xcVexcpy2uwy4jTm9JL8yuK
3225600-0,3225600,,0,democracy,ExternalTabled,
3225600-0,3225600,,0,democracy,Started,
3225600-0,3225600,,0,democracy,Passed,
3158320-0,3158320,,0,democracy,PreimageUsed,
3270808-3,3270808,0x5de52c272ce79a0749c12280e9e2a929760c1532723f77acfd241778ea4c6d47,3,democracy,Started,Fa1me4dit46AFSjinM89EsfiF7T91seEPU4wY9JNJQ752Sg
3158320-0,3158320,,0,democracy,Executed,
3158310-0,3158310,,0,democracy,Passed,
3124800-0,3124800,,0,democracy,Passed,
3156510-3,3156510,0xce7fbda19c077bb233b8b3626b366d7d4887f2f3d1df8ee90f53ab86e3bd80f2,3,democracy,Started,F2i6trfXqFknbgB3d9wcd1X98WWdLLktmFtK8Beud75bjTW
3124800-0,3124800,,0,democracy,Started,
3124800-0,3124800,,0,democracy,Tabled,
3024000-0,3024000,,0,democracy,NotPassed,
3024000-0,3024000,,0,democracy,Started,
3024000-0,3024000,,0,democracy,ExternalTabled,
2973417-3,2973417,0x5d97a0fe97080cfcbec0b2514c65ba2d7c2ed9d8d97cda4cf06d7b95090229e9,3,democracy,PreimageNoted,H9eSvWe34vQDJAWckeTHWSqSChRat8bgKHG39GC1fjvEm7y
2962294-0,2962294,,0,democracy,Executed,
2962294-0,2962294,,0,democracy,PreimageUsed,
2973429-2,2973429,0x68dc108cb288c76353b57e5caa54e6a748c8f32babc1ce11776d069aa4d4c50c,2,democracy,Proposed,H9eSvWe34vQDJAWckeTHWSqSChRat8bgKHG39GC1fjvEm7y
3028671-3,3028671,0xa3db052783cf26499922031b218d0775b66d6529339ed7d9ee61a407f22a14b4,3,democracy,PreimageNoted,H9eSvWe34vQDJAWckeTHWSqSChRat8bgKHG39GC1fjvEm7y
2960494-0,2960494,,0,democracy,Passed,
2959004-0,2959004,,0,democracy,PreimageUsed,
2968302-2,2968302,0x32a44c7710de705247620c0e4478abed4f7520e6ea211e7ad750fa5da675b54c,2,democracy,PreimageNoted,EGVQCe73TpFyAZx5uKfE1222XfkT3BSKozjgcqzLBnc5eYo
2959004-0,2959004,,0,democracy,Executed,
2958404-0,2958404,,0,democracy,Passed,
2944548-0,2944548,,0,democracy,PreimageUsed,
2944548-0,2944548,,0,democracy,Executed,
2960681-3,2960681,0x34c3a6015ba56a1beb161a624563258275636801795f0d4098538aef3494ba87,3,democracy,PreimageNoted,GLVeryFRbg5hEKvQZcAnLvXZEXhiYaBjzSDwrXBXrfPF7wj
2937600-0,2937600,,0,democracy,Executed,
2937600-0,2937600,,0,democracy,PreimageUsed,
2923200-0,2923200,,0,democracy,Tabled,
2923200-0,2923200,,0,democracy,NotPassed,
2923200-0,2923200,,0,democracy,Started,
2917294-3,2917294,0xca3a42ac0d684edc6bfd899794f95cc12942207450560c511e5836f3a040143f,3,democracy,Started,Fa1me4dit46AFSjinM89EsfiF7T91seEPU4wY9JNJQ752Sg
2901348-0,2901348,,0,democracy,Passed,
2832534-0,2832534,,0,democracy,Executed,
2915204-2,2915204,0xb1f68b3b2849c93727561c9cc85f42c50c87b5a7dc74fede2ddfe8da8eeb4f8d,2,democracy,Started,Fa1me4dit46AFSjinM89EsfiF7T91seEPU4wY9JNJQ752Sg
2832534-0,2832534,,0,democracy,PreimageUsed,
2831934-0,2831934,,0,democracy,Passed,
2830168-2,2830168,0x227672c77b2257c30efb7ca866f5c96e8c37e6888adc7223ff19408905ea5a6a,2,democracy,PreimageNoted,
2828147-0,2828147,,0,democracy,PreimageMissing,
2822400-0,2822400,,0,democracy,Tabled,
2822400-0,2822400,,0,democracy,Started,
2830134-3,2830134,0x9d9e467dfe41b453a293e2bbaa0857c44a6caf662e3948b5d9bb1aca5f95caa4,3,democracy,Started,F2i6trfXqFknbgB3d9wcd1X98WWdLLktmFtK8Beud75bjTW
2822400-0,2822400,,0,democracy,Passed,
2819147-0,2819147,,0,democracy,Passed,
2814948-3,2814948,0xba803e02ce745fdf76f95007be9e13c0c88e05ab8c52a442dfa87e6f87d884a5,3,democracy,Started,Fa1me4dit46AFSjinM89EsfiF7T91seEPU4wY9JNJQ752Sg
2817347-3,2817347,0xe34096c6748d6fde2e211d87755e8154693db1c7b729a55aee3ab92937976dd7,3,democracy,Started,Fa1me4dit46AFSjinM89EsfiF7T91seEPU4wY9JNJQ752Sg
2728002-0,2728002,,0,democracy,PreimageUsed,
2728002-0,2728002,,0,democracy,Executed,
2803190-2,2803190,0x6d595cad552ab06482fdb788a9f50e7a894624e468bfd46662566243ec127945,2,democracy,PreimageNoted,EDNEfKXHd645DPpBhLZjaEwp4sPhj4STjjS4QrMbFU1FqbZ
2803243-3,2803243,0x4a399fc774063fbdca387f964bcab1f120af45efbd21ef0463413e680294bf95,3,democracy,Proposed,EDNEfKXHd645DPpBhLZjaEwp4sPhj4STjjS4QrMbFU1FqbZ
2801711-3,2801711,0xe1d29f405e298c4d71ca3388cbaa0803c087b34bb9d37d67bc162049be52f8f8,3,democracy,PreimageNoted,H9eSvWe34vQDJAWckeTHWSqSChRat8bgKHG39GC1fjvEm7y
2721600-0,2721600,,0,democracy,Tabled,
2721600-0,2721600,,0,democracy,Started,
2721600-0,2721600,,0,democracy,NotPassed,
2718402-0,2718402,,0,democracy,Passed,
2704202-0,2704202,,0,democracy,PreimageUsed,
2727835-3,2727835,0x83467d3d5e8ba7152896931b67465967b7bf0d1901b42a9e8f0093bea10b994e,3,democracy,PreimageNoted,FcxNWVy5RESDsErjwyZmPCW6Z8Y3fbfLzmou34YZTrbcraL
2716602-3,2716602,0x0de2b910443acab538447773d00f4fcaa9cc680e1aa281bf21e8ab265c180a54,3,democracy,Started,Fa1me4dit46AFSjinM89EsfiF7T91seEPU4wY9JNJQ752Sg
2704202-0,2704202,,0,democracy,Executed,
2703602-0,2703602,,0,democracy,Passed,
2671528-0,2671528,,0,democracy,Executed,
2671528-0,2671528,,0,democracy,PreimageUsed,
2673166-3,2673166,0x593637942f8d6df9850b5e9fc3417b7b8b9c970c186d0cf6ebc9ffcbe6662166,3,democracy,PreimageNoted,HhcrzHdB5iBx823XNfBUukjj4TUGzS9oXS8brwLm4ovMuVp
2673172-2,2673172,0xa156c567112c77a6fad6a3ccc4a13a4a43211795eae99670b839463e0bdcc524,2,democracy,Proposed,HhcrzHdB5iBx823XNfBUukjj4TUGzS9oXS8brwLm4ovMuVp
2665528-0,2665528,,0,democracy,Passed,
2703606-3,2703606,0xd31cedf7fa6b495347a8e9e97532942cfd73c6bf215fa978148b40387a3e76fd,3,democracy,PreimageNoted,
2644980-3,2644980,0x702b311971adfe5f46ed99d21f00da71f45fed80ead1a0314a0b0abb54ef8391,3,democracy,Proposed,HhfEhtERhgf6xw35YwJjd7rWH6ayduomRnUMEtqGCtMDYBe
2635200-0,2635200,,0,democracy,PreimageUsed,
2644964-3,2644964,0xe812c300b68d5e7262cfbca7741dfc55a53a6fbe4c4d2e98ec06ac7e44881d14,3,democracy,PreimageNoted,HhfEhtERhgf6xw35YwJjd7rWH6ayduomRnUMEtqGCtMDYBe
2663728-3,2663728,0xcd060d832c11c3923053d7d8a7981c908c007f4595b32e8123ae85ef531ee4f8,3,democracy,Started,F2i6trfXqFknbgB3d9wcd1X98WWdLLktmFtK8Beud75bjTW
2635200-0,2635200,,0,democracy,Executed,
2620800-0,2620800,,0,democracy,Tabled,
2701802-2,2701802,0x37aa50f4eac2584835b56e437aa5fe3e398a08f832a0bc0f17cc3136d1a5d7fe,2,democracy,Started,
2620800-0,2620800,,0,democracy,Started,
2670677-3,2670677,0x90333ea5d8aee0417d6b56488af5ac5513545f77e459c007d43cc7908d8cc48c,3,democracy,PreimageNoted,FcxNWVy5RESDsErjwyZmPCW6Z8Y3fbfLzmou34YZTrbcraL
2620800-0,2620800,,0,democracy,NotPassed,
2576415-2,2576415,0x5c76b6382217f4910425b3fb89b5d34a7768ab971edd04a7a7f71cc1f32bea0f,2,democracy,Delegated,GZhmVta94g8zhFdZXNSdN7HQT8ynqJ4iASp28ZhJ96LBa2e
2576411-3,2576411,0x528317a4b2a8f7247a0aae68b544a2ee674cae975bd6929789845b58e194eb98,3,democracy,Delegated,GXfecumLiGdcGLRWJjQ7bjrLN9UZ8uXXZ8GPCYYgxfwqpqL
2576394-3,2576394,0x08457f4a70f5b8d06c78113548381766ddd4b300f5611530ec5d4104a67448fa,3,democracy,Delegated,D2iw2Hvk2gYL5du6mbY4eCWsZ3ffDgNybm38oUfsGHv7zyv
2618793-3,2618793,0xb3f4103ea3a988c4a558be111f70c97ce7c3bda86763af665ae1de83ddc1ad5c,3,democracy,Delegated,ECuRewx5wjGqNiqv2iguVdsQJmkmYS7KXQ8YoCHxyWgezd1
2551426-0,2551426,,0,democracy,PreimageUsed,
2552476-3,2552476,0xaa1543c6cc4d24ea185b1323d92f24552542d859519ba11a0fccbd14604cdd8d,3,democracy,Proposed,Hbh1PWzxAeBK8LfCvgajTCZWrJHJnzy7m4xoACN2zCZRUC2
2576389-3,2576389,0x27d236dc45a817de8c9e3007a082c18461d01761140e5b3504e6296e54321e7a,3,democracy,Delegated,
2551426-0,2551426,,0,democracy,Executed,
2551416-0,2551416,,0,democracy,Passed,
2576384-2,2576384,0x93930ccbd2ade94f545e4590561f502582ac78a5a935e61908defde1d4fa446b,2,democracy,Delegated,D2iw2Hvk2gYL5du6mbY4eCWsZ3ffDgNybm38oUfsGHv7zyv
2534400-0,2534400,,0,democracy,PreimageUsed,
2549616-3,2549616,0xbebc96d9ac3da29779f6c937c8773ae6402fc75e7cb96d33dd1a1d11bb6f6e4c,3,democracy,Started,Fa1me4dit46AFSjinM89EsfiF7T91seEPU4wY9JNJQ752Sg
2534400-0,2534400,,0,democracy,Executed,
2533265-3,2533265,0xf83c0c177020b031a3f921343b61732dfd3c2ae4d9836c10afa5476b823c7220,3,democracy,PreimageNoted,CadXL6ZfQ8JrrV2YF65U1jrRxZoT5qAyaqm3JY3kBAujNqq
2520000-0,2520000,,0,democracy,Tabled,
2520000-0,2520000,,0,democracy,Started,
2520205-3,2520205,0x84e65444f9150a53348ebe9af2f6b8947dc1b16646f17cec0789c47638f90e30,3,democracy,Proposed,CiwMY9rBBUnUw8Wr14itjHKGz3e5rBKtyJJe25vw5iqgs7B
2520000-0,2520000,,0,democracy,Passed,
2521557-2,2521557,0x7b16ea6ea7cdf4c6d5fd123f92726af700c19da507a62b70c456d1537a41163a,2,democracy,PreimageNoted,J9nD3s7zssCX7bion1xctAF6xcVexcpy2uwy4jTm9JL8yuK
2520038-2,2520038,0xd28c00896d9d6055b8a60eb5a01775e57295ee27828d4903deb0737adf1e4f72,2,democracy,Proposed,EDkyLR1J19e9agASF6PK649jiheqD95tRweFNyzTg11Xug4
2433600-0,2433600,,0,democracy,PreimageUsed,
2433600-0,2433600,,0,democracy,Executed,
2419200-0,2419200,,0,democracy,Tabled,
2419200-0,2419200,,0,democracy,Started,
2419200-0,2419200,,0,democracy,Passed,
2405780-0,2405780,,0,democracy,PreimageUsed,
2409983-3,2409983,0x83945dbb23634d2855d0d628900f4bae0712e6461b19580015443a8c7931c4af,3,democracy,PreimageNoted,EDkyLR1J19e9agASF6PK649jiheqD95tRweFNyzTg11Xug4
2405780-0,2405780,,0,democracy,Executed,
2405770-0,2405770,,0,democracy,Passed,
2403970-2,2403970,0xc427c94d69771435b100c035ac130a28e485ce251061119cda33427c7e74fa4a,2,democracy,Started,Fa1me4dit46AFSjinM89EsfiF7T91seEPU4wY9JNJQ752Sg
2402742-3,2402742,0xca4e1715541148d6a7f2374e65f63242e24a6e77e420839f679b8603b0d508ba,3,democracy,PreimageNoted,FcxNWVy5RESDsErjwyZmPCW6Z8Y3fbfLzmou34YZTrbcraL
2332800-0,2332800,,0,democracy,PreimageUsed,
2390012-3,2390012,0x909967a7b02f9bb830e1bc47b2c9001ff97e948a335b5ab183708c95a409d2ef,3,democracy,PreimageNoted,EDkyLR1J19e9agASF6PK649jiheqD95tRweFNyzTg11Xug4
2332800-0,2332800,,0,democracy,Executed,
2321928-3,2321928,0x1a01ff22e3f71846a979cb7955128642ceff88de16fa01af6be49e7359f2fa85,3,democracy,Proposed,EDNEfKXHd645DPpBhLZjaEwp4sPhj4STjjS4QrMbFU1FqbZ
2318400-0,2318400,,0,democracy,Tabled,
2318400-0,2318400,,0,democracy,Started,
2321923-3,2321923,0x84bcc50448af8d2a464b8c1beb52164353dd771e8d0877eee7ac30e87a351e35,3,democracy,PreimageNoted,EDNEfKXHd645DPpBhLZjaEwp4sPhj4STjjS4QrMbFU1FqbZ
2318400-0,2318400,,0,democracy,Passed,
2289833-2,2289833,0x0dc096198d167c00dfea34c0612477e9d0b276dfd7a4cbd82837b808a6004243,2,democracy,Undelegated,EtHKJCxSzgwYjVRkDwAq3Kuqjxd41rKYYTpxRsdAPZEsPcP
2289747-3,2289747,0x0163081792294c0513a8bfda427e74b5fe1a4e71841a5ed470c2ff210158050a,3,democracy,Undelegated,JCnwcngxuPyiRivyW93XEhQSgoKU8YEKkXzACw7jD3GEZrd
2238083-3,2238083,0xc3855cea7fe27d29fec51910584a185248692f96ce19f61b22945642452c7825,3,democracy,Proposed,HhfEhtERhgf6xw35YwJjd7rWH6ayduomRnUMEtqGCtMDYBe
2232000-0,2232000,,0,democracy,PreimageUsed,
2238062-2,2238062,0xcd8fde74e8ffe12252f95d44ae425237bd84c7a66e78575670cf28868b6a7ec9,2,democracy,PreimageNoted,HhfEhtERhgf6xw35YwJjd7rWH6ayduomRnUMEtqGCtMDYBe
2278952-3,2278952,0x8fc30c80d44d770c6ab366de83b28c85466f70708f07d90a766d090e84c2c83b,3,democracy,Undelegated,D3icRvk43Bj69ChTPkx5v4pEQKGqDY95hHXiBB1JBFVwtvP
2232000-0,2232000,,0,democracy,Executed,
2217600-0,2217600,,0,democracy,Tabled,
2217600-0,2217600,,0,democracy,Started,
2217600-0,2217600,,0,democracy,Passed,
2208410-2,2208410,0xbd0bc9745c10351fb0d4ce87cd77c8ec8f08aa5254ecfcb002bb2a0d051e996e,2,democracy,PreimageNoted,FqfW96FuXRH7pRy9njeNSxu4CNoBM1hKnVAmNRrFrU2izwj
2201991-0,2201991,,0,democracy,PreimageUsed,
2201991-0,2201991,,0,democracy,Executed,
2194191-0,2194191,,0,democracy,Passed,
2208382-3,2208382,0xadde3ae57c8a28687e47bd8e882aca0468473ee68e759bd0ece6faa34c294bd9,3,democracy,Proposed,FqfW96FuXRH7pRy9njeNSxu4CNoBM1hKnVAmNRrFrU2izwj
2116800-0,2116800,,0,democracy,Tabled,
2192391-3,2192391,0xe10483645bc5bbc9d84e1b75ad787a015ffa6cae76942c255dd5408410baf2e7,3,democracy,Started,Fa1me4dit46AFSjinM89EsfiF7T91seEPU4wY9JNJQ752Sg
2116800-0,2116800,,0,democracy,Started,
2116800-0,2116800,,0,democracy,Passed,
2075712-2,2075712,0x2c19395307e7a71818a5391d40314b73f791b07c32d66c9087307954f6096c90,2,democracy,PreimageNoted,H9eSvWe34vQDJAWckeTHWSqSChRat8bgKHG39GC1fjvEm7y
2196974-3,2196974,0x5c27239dd556b8be35c51257b7089dd38389047738badb37955f04fafd8649aa,3,democracy,PreimageNoted,FcxNWVy5RESDsErjwyZmPCW6Z8Y3fbfLzmou34YZTrbcraL
2075677-3,2075677,0x6c92db16dd8c0c8952b61493dfa8480652b603f5e2cf8ec070a0c837f921019d,3,democracy,PreimageNoted,H9eSvWe34vQDJAWckeTHWSqSChRat8bgKHG39GC1fjvEm7y
2075652-3,2075652,0xfece3ea34ed6790ac16a643335a644379f283da98213e05800cea2d865579a23,3,democracy,PreimageNoted,J9nD3s7zssCX7bion1xctAF6xcVexcpy2uwy4jTm9JL8yuK
2075651-0,2075651,,0,democracy,PreimageUsed,
2075651-0,2075651,,0,democracy,Executed,
2075641-0,2075641,,0,democracy,Passed,
2064961-0,2064961,,0,democracy,PreimageUsed,
2064961-0,2064961,,0,democracy,Executed,
2073841-2,2073841,0x38d6a81cb846f7994d9e365f9d8cc5b02705f19635a8010728514be131545068,2,democracy,Started,Fa1me4dit46AFSjinM89EsfiF7T91seEPU4wY9JNJQ752Sg
2065664-3,2065664,0x3e2bb87d7882e59b9130b349700f4921976f07319232a56346f4bb723b402e15,3,democracy,PreimageNoted,J9nD3s7zssCX7bion1xctAF6xcVexcpy2uwy4jTm9JL8yuK
2064960-0,2064960,,0,democracy,Passed,
2016000-0,2016000,,0,democracy,ExternalTabled,
2016000-0,2016000,,0,democracy,Started,
2019159-3,2019159,0xa42f86ad2efe1c170fae82a85d92cdb791848245fe1b805f2b424db404220332,3,democracy,PreimageNoted,GLiebiQp5f6G5vNcc7BgRE9T3hrZSYDwP6evERn3hEczdaM
2019179-3,2019179,0x9a9188777b84f4da7663a1f28fae78ee4e62c4f6b87495a7bcc599f86a8a0e45,3,democracy,Proposed,GPqtzJ7FtY1Xzu8RTWxhTywfFyjtmH4g1T46qVXgTDJz9oY
2016000-0,2016000,,0,democracy,NotPassed,
2063160-3,2063160,0x7923f34caada5dcc85d7dd7d30e83e9b5b679f9326e2721f46eeea2e1a6752b7,3,democracy,Started,F2i6trfXqFknbgB3d9wcd1X98WWdLLktmFtK8Beud75bjTW
1954897-3,1954897,0xba2ea90f38d8401ae9ae6dc6235d6019bf88ed6167d01bae60216c83e6fe9d0e,3,democracy,PreimageNoted,DfiSM1qqP11ECaekbA64L2ENcsWEpGk8df8wf1LAfV2sBd4
1929600-0,1929600,,0,democracy,PreimageUsed,
1954883-3,1954883,0xb8a30505dde861922cf67c63c2aee31f12538d1defd6d4ebb8b6eab0d90e0da5,3,democracy,Proposed,DfiSM1qqP11ECaekbA64L2ENcsWEpGk8df8wf1LAfV2sBd4
2064097-3,2064097,0x188b384184ae51c5b38db211ba72c4771405e6b3df4d4af2643d52cb97ee89c0,3,democracy,PreimageNoted,
1929600-0,1929600,,0,democracy,Executed,
2064035-3,2064035,0xb16b4ba153db4c4222cb6e0721878d44c6937eb2cd2a99735216e2062240f817,3,democracy,PreimageNoted,
1922635-3,1922635,0x54337a66bbb67add1aa719343e1dc530fe5b11bc83ebc97d12e997e0fb688f93,3,democracy,PreimageNoted,EqeaSHobbxoBkKXdfcxTJwYEsofyu48LMrSeFtiQGcafouM
1915200-0,1915200,,0,democracy,Started,
1922267-2,1922267,0xc17a048fa335fd38d4fc3a02cbc8ed2d1cf2fd3c98594eae24d049e96a35a78b,2,democracy,PreimageNoted,EqeaSHobbxoBkKXdfcxTJwYEsofyu48LMrSeFtiQGcafouM
1915200-0,1915200,,0,democracy,Tabled,
1915200-0,1915200,,0,democracy,NotPassed,
1914011-2,1914011,0x30a333fdd122ffe7708ee0d74fa2860dd3897345d6f3c7d13ca18dc76fd5b715,2,democracy,PreimageNoted,EqeaSHobbxoBkKXdfcxTJwYEsofyu48LMrSeFtiQGcafouM
1879970-3,1879970,0x4844f0ec4e47edb78260e43a02eafc4eb695fd14319d1c6b9d73fdc9094d2540,3,democracy,Proposed,GPqtzJ7FtY1Xzu8RTWxhTywfFyjtmH4g1T46qVXgTDJz9oY
1879807-3,1879807,0x35b9b9644ca522efb3b0fadfdaae9692028b8827f3157d599a8b6aef0231c18d,3,democracy,PreimageNoted,GPqtzJ7FtY1Xzu8RTWxhTywfFyjtmH4g1T46qVXgTDJz9oY
1879140-3,1879140,0x545d43c1caf4a350041d0ec367fec431295feeeedec95b98cfff18e23740d764,3,democracy,PreimageNoted,ELiebihEuHYBzCk4vUrF69e1FG823Zt56porGjZ4eroFC9K
1814400-0,1814400,,0,democracy,Passed,
1814400-0,1814400,,0,democracy,Tabled,
1879733-3,1879733,0xdea6317f7084042593928bf669ac92d0816b65a3caacbf719aca3bf369c9948a,3,democracy,PreimageNoted,GPqtzJ7FtY1Xzu8RTWxhTywfFyjtmH4g1T46qVXgTDJz9oY
1814400-0,1814400,,0,democracy,Started,
1728000-0,1728000,,0,democracy,PreimageUsed,
1728000-0,1728000,,0,democracy,Executed,
1876042-2,1876042,0x955a6d6a07651d641dbfb4202eeef827105463132772ed34f3fa6b92547a98ae,2,democracy,PreimageNoted,DhksmAjKDJK1DCRUFDykzmFDLW6fXZ8cd9xPFpT5T8nCZAT
1713600-0,1713600,,0,democracy,Tabled,
1713600-0,1713600,,0,democracy,Started,
1713600-0,1713600,,0,democracy,NotPassed,
1612800-0,1612800,,0,democracy,Passed,
1703138-2,1703138,0x8c7de23874062882d9645c23d5b1246b237893de0c7d066c4bba6d6c69f9c6fc,2,democracy,PreimageNoted,HhfEhtERhgf6xw35YwJjd7rWH6ayduomRnUMEtqGCtMDYBe
1612800-0,1612800,,0,democracy,Started,
1703162-2,1703162,0x7c0e75d93e5f6b64a7002faf25e423e871a02480f7371755651e499437cf0f2e,2,democracy,Proposed,HhfEhtERhgf6xw35YwJjd7rWH6ayduomRnUMEtqGCtMDYBe
1612800-0,1612800,,0,democracy,Tabled,
1593014-3,1593014,0x0eca72c6b7469ef0de2089ba0c660362c906a9da2ae6b587b36f35abb08a6446,3,democracy,Proposed,DfiSM1qqP11ECaekbA64L2ENcsWEpGk8df8wf1LAfV2sBd4
1575227-3,1575227,0x3f225fe470955d0d176f9b1e70a52c6afa606345063685bcf5742dfe998fa8ac,3,democracy,Delegated,GZhmVta94g8zhFdZXNSdN7HQT8ynqJ4iASp28ZhJ96LBa2e
1575213-3,1575213,0xcf9490fe8408f828c6758d0bf03f9ecba9d4d8d45f1f15b39e26578cd23889c1,3,democracy,Delegated,GXfecumLiGdcGLRWJjQ7bjrLN9UZ8uXXZ8GPCYYgxfwqpqL
1575148-3,1575148,0x1775c06da1119d3ba4efd41521db68101536c8c1531486d419af84907bde868c,3,democracy,Delegated,JCnwcngxuPyiRivyW93XEhQSgoKU8YEKkXzACw7jD3GEZrd
1575206-3,1575206,0x37f6eaf42d040e59d86b46c5555bf1d9926ae9bb2d3f6e360ea6bb07923b0844,3,democracy,Delegated,D3icRvk43Bj69ChTPkx5v4pEQKGqDY95hHXiBB1JBFVwtvP
1574408-0,1574408,,0,democracy,Executed,
1575219-3,1575219,0xf3ab2bb26741e015752c9ecdd31ab406fce32bc464e885c0f7503043ddf240a6,3,democracy,Delegated,EtHKJCxSzgwYjVRkDwAq3Kuqjxd41rKYYTpxRsdAPZEsPcP
1574408-0,1574408,,0,democracy,PreimageUsed,
1574407-0,1574407,,0,democracy,Passed,
1575032-2,1575032,0x438d55bd4556abe101f756acdd0b7b704229c3afe6907e2712cc4907b66e1b86,2,democracy,Delegated,GnL41mJJJTp9npr1W9wLMzEfFL4thqyjPt6hwxLirmJt5vQ
1562174-0,1562174,,0,democracy,NotPassed,
1572607-3,1572607,0x66141f76a7e9ff4ba1b4461a422936a8de594d308fb907ecfbf6a1f0b2cf59a6,3,democracy,Started,Fa1me4dit46AFSjinM89EsfiF7T91seEPU4wY9JNJQ752Sg
1560374-3,1560374,0xb3e7fb596ed01b5ff0d659bff75104bf5e24f5ec5a668597c1e39313649d00a3,3,democracy,Started,F2i6trfXqFknbgB3d9wcd1X98WWdLLktmFtK8Beud75bjTW
1559519-3,1559519,0xc309096704ba6b21e34aeb76aafe9bf20f39cd0a8a1a5148bcc4396f9c731274,3,democracy,Unlocked,DbF59HrqrrPh9L2Fi4EBd7gn4xFUSXmrE6zyMzf3pETXLvg
1517439-0,1517439,,0,democracy,PreimageUsed,
1517439-0,1517439,,0,democracy,Passed,
1573281-3,1573281,0x74abd34b081da11ff75f1fd0e81d0fe2847048821e1161691231a9c9478928c3,3,democracy,PreimageNoted,EqeaSHobbxoBkKXdfcxTJwYEsofyu48LMrSeFtiQGcafouM
1559159-3,1559159,0xc4d52882b83e4c7949e58deb21f2cf99fc9cf2cb3ca0c03966d222a34b81d951,3,democracy,Unlocked,FDDy3cQa7JXiChYU2xq1B2WUUJBpZpZ51qn2tiN1DqDMEpS
1517439-0,1517439,,0,democracy,Executed,
1512000-0,1512000,,0,democracy,Tabled,
1515639-2,1515639,0x748e8f03320483e7bdb44c61ad9135e497471255b8707fb67d4cb13ddf474226,2,democracy,Started,F2i6trfXqFknbgB3d9wcd1X98WWdLLktmFtK8Beud75bjTW
1512000-0,1512000,,0,democracy,Started,
1512000-0,1512000,,0,democracy,NotPassed,
1507029-2,1507029,0xfde39584d5bdc978f6f2a4b811b46fb3fef34267f35a00de58cb7d17cd599024,2,democracy,PreimageNoted,H9eSvWe34vQDJAWckeTHWSqSChRat8bgKHG39GC1fjvEm7y
1494360-0,1494360,,0,democracy,Executed,
1501886-2,1501886,0xf30719b35ef90dbf0f3141f6a265c0411ebf6c7912e4d2fa7d411b592b084ba5,2,democracy,Unlocked,DdB7TrMAbmXTpmXS3sAHohw1CfLhzveQNAhJ6eNPJiFxEWj
1494360-0,1494360,,0,democracy,PreimageUsed,
1494360-0,1494360,,0,democracy,Passed,
1492767-2,1492767,0xd8c2db21af4581f96d9245ee9cc1b17c372eb4cbb6b33d7587945c91ad9500df,2,democracy,Unlocked,GvyfytrxFQbHK8ZFNT3h12dJPfBXFjVV7k98cXni8VAgjKX
1492758-2,1492758,0x04e79f31192dd5e6e44ed76d9381066dfa15e9921c4bb31f274b6a7216eb9035,2,democracy,Unlocked,FcxNWVy5RESDsErjwyZmPCW6Z8Y3fbfLzmou34YZTrbcraL
1492560-2,1492560,0x87a647b4cd439e50b13ca1aa583c0fe9c2ea1394488b1221912ca9c77626b19b,2,democracy,Started,F2i6trfXqFknbgB3d9wcd1X98WWdLLktmFtK8Beud75bjTW
1491596-0,1491596,,0,democracy,Executed,
1491596-0,1491596,,0,democracy,Passed,
1492544-2,1492544,0x491c99def64601b6b53ed9ef6d4d2e4f072c2ec45fb933f5ca3798408bc0ce49,2,democracy,PreimageNoted,J9nD3s7zssCX7bion1xctAF6xcVexcpy2uwy4jTm9JL8yuK
1491596-0,1491596,,0,democracy,PreimageUsed,
1492533-2,1492533,0xfd345227ec99e426358feca23fca3c51b27ee26852d896c7b70523e436dc2942,2,democracy,PreimageNoted,CzJfMJpzjyjPXbW1wTjFxq3v8aAXpSxwNnuR6oTRCgZehMS
1475648-0,1475648,,0,democracy,Passed,
1475648-0,1475648,,0,democracy,PreimageUsed,
1489194-2,1489194,0x5b9e143963c79b53c372522655f291a8e008e1580a54a6f946eaf939bc098319,2,democracy,Unlocked,JFArxqV6rqPSwBok3zQDnj5jL6vwsZQDwYXXqb1cFygnYVt
1475648-0,1475648,,0,democracy,Executed,
1489846-3,1489846,0xfccf2829946dc9cd59b1c4ed62a5d2ab05451abe811e5a59a56153150e6fd859,3,democracy,PreimageNoted,GZG96TmN89YEVLqa6KWWaE5HYKyhP9QVDoa4NZjgHNDyCiS
1472960-0,1472960,,0,democracy,Executed,
1489796-3,1489796,0x7aea724c678db739a49f8834baa8fd9f9d6b3e3553c64061fa6708368d12a7fc,3,democracy,Started,F2i6trfXqFknbgB3d9wcd1X98WWdLLktmFtK8Beud75bjTW
1473848-2,1473848,0x9bab4e9f7fbea638032962d2d8440d624b65b52a8a5a8b84bd2c8acd937c23fe,2,democracy,Started,F2i6trfXqFknbgB3d9wcd1X98WWdLLktmFtK8Beud75bjTW
1472960-0,1472960,,0,democracy,PreimageUsed,
1466360-0,1466360,,0,democracy,Passed,
1473780-2,1473780,0x1ad824b97f47529dff075d736b44462e36d252b67025cf7766c0db620b1987ed,2,democracy,PreimageNoted,EqeaSHobbxoBkKXdfcxTJwYEsofyu48LMrSeFtiQGcafouM
1464022-3,1464022,0x0d15fc0f88c687c1def94e8558691eff24e4211f82e94bffa6283c8badc1f4ce,3,democracy,Unlocked,F89JAYkWvLw3HUxfeL4su1biEDWNfJn1QYvwevwanMNaZKN
1464560-2,1464560,0xc5338726a2a40472cc7c19db23c75f8ebf17eb16b35d99386afaace490c31080,2,democracy,Started,F2i6trfXqFknbgB3d9wcd1X98WWdLLktmFtK8Beud75bjTW
1466446-3,1466446,0xcd766292a822ac834da8cad699fda4d62314fd798648812361a9c26eef55e1c9,3,democracy,PreimageNoted,FcxNWVy5RESDsErjwyZmPCW6Z8Y3fbfLzmou34YZTrbcraL
1460596-3,1460596,0x34b4e8426f6e4ce0c66207c47efd72623cd518eaea8f1850d0cc631f3cef1001,3,democracy,Unlocked,JEcacANpAxTKvrwYCgYRCUVA92sQBvWyCSLY85cQb9TNMJd
1461399-3,1461399,0x3d47796631e950a8c6ec047cf493e28c2e87af0cd74ebfd7c7e8e11e99e32e0a,3,democracy,Unlocked,EGVQCe73TpFyAZx5uKfE1222XfkT3BSKozjgcqzLBnc5eYo
1445458-0,1445458,,0,democracy,Executed,
1461263-3,1461263,0xf52df559fed87d6e3cc2095b03593cf02f74f8cb1f973a4a11eaad3bf1a47705,3,democracy,Unlocked,H9eSvWe34vQDJAWckeTHWSqSChRat8bgKHG39GC1fjvEm7y
1445458-0,1445458,,0,democracy,PreimageUsed,
1445664-3,1445664,0x80ae9dbcec5a051b24ec5a2ed878f7489a7d0920913b7c53a853855427c34d80,3,democracy,Unlocked,FnZgzAiAJrkadCHYo4qgW12r9fW7DQCzKPtjGSnZUL1id4M
1436458-0,1436458,,0,democracy,Passed,
1434658-3,1434658,0xccafc878d8f992a6c7719b2f59798dcfec6bf8986cb88d203c9e3924a3c59206,3,democracy,Started,F2i6trfXqFknbgB3d9wcd1X98WWdLLktmFtK8Beud75bjTW
1425600-0,1425600,,0,democracy,PreimageUsed,
1425600-0,1425600,,0,democracy,Executed,
1411200-0,1411200,,0,democracy,Tabled,
1430975-3,1430975,0x4ca13ec1f7e002b31bd6978ca6664e611cba8de83f5d33424a637d4c123dbf99,3,democracy,Unlocked,FcjmeNzPk3vgdENm1rHeiMCxFK96beUoi2kb59FmCoZtkGF
1411200-0,1411200,,0,democracy,Started,
1411200-0,1411200,,0,democracy,NotPassed,
1434102-3,1434102,0xdbf83dc43d4ae3ef8042714549d5670fcbd7c756c7d7ccf976e1b8ee0d36dd3a,3,democracy,PreimageNoted,EqeaSHobbxoBkKXdfcxTJwYEsofyu48LMrSeFtiQGcafouM
1377830-0,1377830,,0,democracy,Passed,
1406169-3,1406169,0x1dff98c70ad29111e0366282633994e49810e34329a2b2228d5c743fdabadd02,3,democracy,Unlocked,CxTNBCHBrbSSuTV3SVxD5SXZME6g2H1yJw3v77nnFMh1Esz
1377830-0,1377830,,0,democracy,PreimageUsed,
1377830-0,1377830,,0,democracy,Executed,
1375086-0,1375086,,0,democracy,PreimageUsed,
1375086-0,1375086,,0,democracy,Executed,
1376030-3,1376030,0xddd611216fe01d93344a50a568331cad71d157fb24916a1023d3b85502b160b0,3,democracy,Started,F2i6trfXqFknbgB3d9wcd1X98WWdLLktmFtK8Beud75bjTW
1366086-0,1366086,,0,democracy,Passed,
1375967-3,1375967,0x11f61c146e0d0ac9dff8401ff8e79eac9a8e4228c684ac882f81ce083f0d87c8,3,democracy,PreimageNoted,FcxNWVy5RESDsErjwyZmPCW6Z8Y3fbfLzmou34YZTrbcraL
1364286-2,1364286,0x402ca62a1f1e87d915896f7f3196a9b4a0ebab8b628f9472c743170b192ccb34,2,democracy,Started,F2i6trfXqFknbgB3d9wcd1X98WWdLLktmFtK8Beud75bjTW
1310400-0,1310400,,0,democracy,Tabled,
1324418-2,1324418,0xf66020bc13e06a99abdae53e21f4ee94b646dffbebdcca3545cc035bb9db91a8,2,democracy,Proposed,DfiSM1qqP11ECaekbA64L2ENcsWEpGk8df8wf1LAfV2sBd4
1372663-3,1372663,0x8b6080855bd173ec40d34c4f6bc47d668f152b101420d19c9f6ef413d228ec54,3,democracy,PreimageNoted,FcxNWVy5RESDsErjwyZmPCW6Z8Y3fbfLzmou34YZTrbcraL
1310400-0,1310400,,0,democracy,Started,
1310400-0,1310400,,0,democracy,Passed,
1287590-3,1287590,0x06718a89083b3fa0f03c1f8a46a49e65e8119420ab23ed34cd9082c9df5c7579,3,democracy,PreimageNoted,Ep3GTTcTybjiZNdMmiGoxFtGoZtpsUowskc4MAzWRS7nw4L
1274838-3,1274838,0xad1825a7c5adff30e9fe78afba576636f4366c0ac7323a9146dfd6e98e739063,3,democracy,PreimageNoted,Ep3GTTcTybjiZNdMmiGoxFtGoZtpsUowskc4MAzWRS7nw4L
1224000-0,1224000,,0,democracy,PreimageUsed,
1274793-3,1274793,0x68b0006c27194f837d9ac62bbd1a053bcf6f1179165f44e06fa8d6f749621cfa,3,democracy,Proposed,Ep3GTTcTybjiZNdMmiGoxFtGoZtpsUowskc4MAzWRS7nw4L
1224000-0,1224000,,0,democracy,Executed,
1209600-0,1209600,,0,democracy,Tabled,
1209600-0,1209600,,0,democracy,Started,
1209600-0,1209600,,0,democracy,NotPassed,
1193656-3,1193656,0xb6b86f8cf535dbce5bcf4e5366a66808eae9934b3db8bfa317d16c191574fcc3,3,democracy,PreimageNoted,EK8veMNH6sVtvhSRo4q1ZRh6huCDm69gxK4eN5MFoZzo3G7
1108800-0,1108800,,0,democracy,Tabled,
1108800-0,1108800,,0,democracy,Started,
1108800-0,1108800,,0,democracy,Passed,
1205070-3,1205070,0xfa6cdde97dac037c8886e6fce1abdf085e2a7914c1ae9ced1c50686a9cf5a083,3,democracy,Proposed,EK8veMNH6sVtvhSRo4q1ZRh6huCDm69gxK4eN5MFoZzo3G7
1122614-3,1122614,0xe44299e88163d733068020a5bf1b4e015f0d4389b0ce940aef2ae3593c941432,3,democracy,Proposed,EK8veMNH6sVtvhSRo4q1ZRh6huCDm69gxK4eN5MFoZzo3G7
1008000-0,1008000,,0,democracy,ExternalTabled,
1021105-3,1021105,0xadb9c7d7bcc3681b23570ea3fd6034080dede5c96b1a3ae65bec2fc2d458feb6,3,democracy,Proposed,DfiSM1qqP11ECaekbA64L2ENcsWEpGk8df8wf1LAfV2sBd4
1008000-0,1008000,,0,democracy,Started,
1008000-0,1008000,,0,democracy,NotPassed,
929892-0,929892,,0,democracy,Passed,
929892-0,929892,,0,democracy,Executed,
929892-0,929892,,0,democracy,PreimageUsed,
1003314-2,1003314,0x484285a83ca964347baa5f6d3a5936eb78b1837e02cd7c993dad2997fe352752,2,democracy,Proposed,CpjsLDC1JFyrhm3ftC9Gs4QoyrkHKhZKtK7YqGTRFtTafgp
907200-0,907200,,0,democracy,Tabled,
907200-0,907200,,0,democracy,Started,
907200-0,907200,,0,democracy,NotPassed,
964699-2,964699,0xbc473b00c44d630309e6f992aaf8a41a4b8c84c22c5ceb94e80dcddcf9e30d26,2,democracy,PreimageNoted,HRufmYwoV4DF4hiRxyAjMiD1RyeqGpB6wZ8pVMhk11NnCde
901442-0,901442,,0,democracy,Passed,
926411-3,926411,0x8454dd679e862ae4ca600de901099296c111b59251c86b1c5f340520f4d3f333,3,democracy,PreimageNoted,FcxNWVy5RESDsErjwyZmPCW6Z8Y3fbfLzmou34YZTrbcraL
901442-0,901442,,0,democracy,Executed,
928092-3,928092,0x0dd5b66a97a3abf1c1840220fa8a93ccc17a11b6f6eef895f7a649a89dbbb3b4,3,democracy,Started,F2i6trfXqFknbgB3d9wcd1X98WWdLLktmFtK8Beud75bjTW
901442-0,901442,,0,democracy,PreimageUsed,
899642-3,899642,0x57c3707a3d7ac4b0c37edb61668211a3cf846250511ff3537f3ea100d9fd30b4,3,democracy,Started,F2i6trfXqFknbgB3d9wcd1X98WWdLLktmFtK8Beud75bjTW
844839-3,844839,0xc06b996347704e710640e07224c63fe756d4d1ad6d0086720ea715ab5caee491,3,democracy,PreimageNoted,CpjsLDC1JFyrhm3ftC9Gs4QoyrkHKhZKtK7YqGTRFtTafgp
806400-0,806400,,0,democracy,Started,
844644-3,844644,0xc9b71cd2e7ba89cbe2f11fbe7571d28a37b8df2a25bddce798b07f3ab798ee40,3,democracy,PreimageNoted,CpjsLDC1JFyrhm3ftC9Gs4QoyrkHKhZKtK7YqGTRFtTafgp
806400-0,806400,,0,democracy,NotPassed,
806400-0,806400,,0,democracy,Tabled,
720000-0,720000,,0,democracy,PreimageUsed,
720000-0,720000,,0,democracy,Executed,
705600-0,705600,,0,democracy,Started,
894461-3,894461,0x1ff249989f6802894365f25622dff93dbda3aeb181c9375589a2ea62d0464cd3,3,democracy,PreimageNoted,H9eSvWe34vQDJAWckeTHWSqSChRat8bgKHG39GC1fjvEm7y
705600-0,705600,,0,democracy,NotPassed,
705600-0,705600,,0,democracy,Tabled,
702968-2,702968,0xb0e17016249c0f66a57036b37cae210e4c9f30116eff53d52293776341219f50,2,democracy,Proposed,DfiSM1qqP11ECaekbA64L2ENcsWEpGk8df8wf1LAfV2sBd4
693487-0,693487,,0,democracy,Executed,
702952-3,702952,0x31e28f85224b3b43f40baf82e563b021207e849f4dae54cd94da9ff3ba43ac35,3,democracy,PreimageNoted,DfiSM1qqP11ECaekbA64L2ENcsWEpGk8df8wf1LAfV2sBd4
693487-0,693487,,0,democracy,PreimageUsed,
692587-0,692587,,0,democracy,Passed,
690787-3,690787,0x0e8e5a24e1a09a48292e615b5fcc7ae0dd1cf3b71202f3be0c7b13af8d63d252,3,democracy,Started,F2i6trfXqFknbgB3d9wcd1X98WWdLLktmFtK8Beud75bjTW
693136-3,693136,0x78b2e180e3984590df166a753d734b3fac25dd5f8e6dddecebf6b23895cf34af,3,democracy,PreimageNoted,H9eSvWe34vQDJAWckeTHWSqSChRat8bgKHG39GC1fjvEm7y
653183-0,653183,,0,democracy,Executed,
657140-3,657140,0x232a1396561d350c93cd3c5b061dff0cd7962a68484aa597533f26bca33c02c3,3,democracy,PreimageNoted,H9eSvWe34vQDJAWckeTHWSqSChRat8bgKHG39GC1fjvEm7y
653183-0,653183,,0,democracy,PreimageUsed,
651983-0,651983,,0,democracy,Passed,
619200-0,619200,,0,democracy,Executed,
650183-3,650183,0x1e597d92b82c85285c15cecea52dd8b7f78c326220f193cb5988ddf251a08e5c,3,democracy,Started,F2i6trfXqFknbgB3d9wcd1X98WWdLLktmFtK8Beud75bjTW
619200-0,619200,,0,democracy,PreimageUsed,
652231-3,652231,0xcae0f6a156fb87248ec43e0490a821a4ba19d01285d700099c8557d38ddf1dba,3,democracy,PreimageNoted,H9eSvWe34vQDJAWckeTHWSqSChRat8bgKHG39GC1fjvEm7y
604800-0,604800,,0,democracy,Started,
604800-0,604800,,0,democracy,Tabled,
604800-0,604800,,0,democracy,Passed,
587686-0,587686,,0,democracy,Passed,
587686-0,587686,,0,democracy,PreimageUsed,
587686-0,587686,,0,democracy,Executed,
657143-3,657143,0x58b53fc78ee40f2df80e355a5b4715c5e5fbb1f0614cc8ab7ad0c5eac82062c9,3,democracy,Proposed,H9eSvWe34vQDJAWckeTHWSqSChRat8bgKHG39GC1fjvEm7y
585886-3,585886,0xe3dd891f606b4c0b002249f490e7ddbb9dc7f0efebee1b1e9711e55f264ebbf9,3,democracy,Started,F2i6trfXqFknbgB3d9wcd1X98WWdLLktmFtK8Beud75bjTW
569326-0,569326,,0,democracy,Passed,
569326-0,569326,,0,democracy,PreimageUsed,
569326-0,569326,,0,democracy,Executed,
516559-0,516559,,0,democracy,NotPassed,
567526-2,567526,0x9a657c586a72d95d10e6166698446b646b5e7a5ccc4e2e7c9cd6b6d3623967e9,2,democracy,Started,F2i6trfXqFknbgB3d9wcd1X98WWdLLktmFtK8Beud75bjTW
585743-2,585743,0x69f9176f8b805d6b15c6802468d8c1b0c4425f780f35a3c0d821bb383efb9475,2,democracy,PreimageNoted,CzJfMJpzjyjPXbW1wTjFxq3v8aAXpSxwNnuR6oTRCgZehMS
567541-2,567541,0xe200004592d3b7386b73c2840e91995c7fd3d332263582d4936d878ee6741075,2,democracy,PreimageNoted,HRufmYwoV4DF4hiRxyAjMiD1RyeqGpB6wZ8pVMhk11NnCde
504329-0,504329,,0,democracy,Passed,
514759-3,514759,0x961bcd01e6d87a9f25ecef436d4c2ab72cb4b67f65bd2a56d074f2d093113cfd,3,democracy,Started,F2i6trfXqFknbgB3d9wcd1X98WWdLLktmFtK8Beud75bjTW
514767-3,514767,0xa4a1a0962764ac2a065a34b0800684e5452db556f4827707fa6ab578294bcb2a,3,democracy,PreimageNoted,HRufmYwoV4DF4hiRxyAjMiD1RyeqGpB6wZ8pVMhk11NnCde
504329-0,504329,,0,democracy,PreimageUsed,
504329-0,504329,,0,democracy,Executed,
504000-0,504000,,0,democracy,Tabled,
504000-0,504000,,0,democracy,Started,
504000-0,504000,,0,democracy,Passed,
461692-0,461692,,0,democracy,PreimageUsed,
502529-3,502529,0xb6e6509580dbd48fcaa40da44bc5b2e76debaf278663bd5be2c7d78796fcb04f,3,democracy,Started,F2i6trfXqFknbgB3d9wcd1X98WWdLLktmFtK8Beud75bjTW
461692-0,461692,,0,democracy,Executed,
452692-0,452692,,0,democracy,Passed,
502565-3,502565,0x28b75a3cf6fc09ef9138954933c2256b90b5e38b16208cadb7401e254ab6d6f0,3,democracy,PreimageNoted,HRufmYwoV4DF4hiRxyAjMiD1RyeqGpB6wZ8pVMhk11NnCde
434479-0,434479,,0,democracy,PreimageMissing,
450892-2,450892,0xb7e90de04e0d22d2a6fda6ba451c49cfbdfb93636cd3609f05d774126e617bad,2,democracy,Started,F2i6trfXqFknbgB3d9wcd1X98WWdLLktmFtK8Beud75bjTW
433879-0,433879,,0,democracy,Passed,
453305-3,453305,0x11b49feec1144c79d0b931d7c1dc50118ffca29e0932b74a9717b171950df5ec,3,democracy,PreimageNoted,CzJfMJpzjyjPXbW1wTjFxq3v8aAXpSxwNnuR6oTRCgZehMS
403200-0,403200,,0,democracy,Tabled,
432079-3,432079,0xd8c6643cd7f2984a7d915c4aaa3119310a2bdfd8f030bd30c4b7e55e80361bd3,3,democracy,Started,F2i6trfXqFknbgB3d9wcd1X98WWdLLktmFtK8Beud75bjTW
403200-0,403200,,0,democracy,Started,
397129-3,397129,0xd3dfb0171cfd7f6dfc95edb580b1c476f27e5ca83aa6de729d82dcb4bd6033dd,3,democracy,PreimageNoted,EkSmWLVjK9gA4ybE2iwxLNw9aqfPxbP3QKGaGmkWELeez5b
325359-3,325359,0xbdb7d144a22a488443899fcefccd300e879beb8aeb5c0729c488bf61377bd296,3,democracy,PreimageNoted,DJYPxecrBbUSuf1F4Rij3TLFMB6Z1uzk32kit73nE28wNy6
325340-3,325340,0xe66fb55c5ffc526eacb8cb245134b0a15de1717767196cc2007302e13d7b30ac,3,democracy,Proposed,DJYPxecrBbUSuf1F4Rij3TLFMB6Z1uzk32kit73nE28wNy6
325334-3,325334,0xa37fbf0f7a14368a8f66989637be4373816958a4653980fd249b377e9fe05f57,3,democracy,PreimageNoted,DJYPxecrBbUSuf1F4Rij3TLFMB6Z1uzk32kit73nE28wNy6
325363-3,325363,0xe35d472c5aa4316bd087e46c577fd99d852f11305cedff12aab7969f9a9f18e3,3,democracy,Proposed,DJYPxecrBbUSuf1F4Rij3TLFMB6Z1uzk32kit73nE28wNy6
325241-3,325241,0xfbce975cd0178e7dd7b725163ccd7a8524b202085a0223d08116d28dbc193636,3,democracy,PreimageNoted,DJYPxecrBbUSuf1F4Rij3TLFMB6Z1uzk32kit73nE28wNy6
325316-3,325316,0x7b1688d819611632ff9f8d3d66de10087be249cced8582a49567b0c2e1e0eca4,3,democracy,PreimageNoted,DJYPxecrBbUSuf1F4Rij3TLFMB6Z1uzk32kit73nE28wNy6
325025-3,325025,0x5c1eb7d2f2f5e593ef5a34227d7fb3c993da8a791d5333c93296fe0e484f9e69,3,democracy,PreimageNoted,DJYPxecrBbUSuf1F4Rij3TLFMB6Z1uzk32kit73nE28wNy6
295787-0,295787,,0,democracy,Passed,
325062-3,325062,0xbbfa0d7a7bd4ddf5af249910c95dd1dd6e71d84c4e026fcd30d91a1bc0cce407,3,democracy,Proposed,DJYPxecrBbUSuf1F4Rij3TLFMB6Z1uzk32kit73nE28wNy6
323866-3,323866,0xb80c627e9c0ac98908935e25f99bf1378d6d857fc14078a5e72ec9ab7591f44e,3,democracy,Proposed,DfiSM1qqP11ECaekbA64L2ENcsWEpGk8df8wf1LAfV2sBd4
295787-0,295787,,0,democracy,PreimageUsed,
295787-0,295787,,0,democracy,Executed,
293987-3,293987,0x187e21ce1671f14b6f06b438c577d8786816a0ba0a49af3842999c777eeef2c2,3,democracy,Started,F2i6trfXqFknbgB3d9wcd1X98WWdLLktmFtK8Beud75bjTW
281787-3,281787,0xd4f6233b72ddb4836574d0bf78a48c6f38902f55350fece9c3e0da784f085f70,3,democracy,Delegated,GnL41mJJJTp9npr1W9wLMzEfFL4thqyjPt6hwxLirmJt5vQ
294167-3,294167,0x81176a7c6f72a451eeb6c1f907c5fed3bfaf63694d1ebc7a5a7b22e804aa5abb,3,democracy,PreimageNoted,H9eSvWe34vQDJAWckeTHWSqSChRat8bgKHG39GC1fjvEm7y
281742-3,281742,0x8cd7b1d85c8fe93a2338c6714b86a1bdaf377cfad14db8a5e1b43eaa53e44654,3,democracy,Undelegated,GnL41mJJJTp9npr1W9wLMzEfFL4thqyjPt6hwxLirmJt5vQ
203466-0,203466,,0,democracy,PreimageUsed,
223155-2,223155,0x3ed36d76a005c8b5fd9fe321f7fcf0b0e4966f0b7f48dd418174c2a960786520,2,democracy,Delegated,GnL41mJJJTp9npr1W9wLMzEfFL4thqyjPt6hwxLirmJt5vQ
203466-0,203466,,0,democracy,Executed,
202866-0,202866,,0,democracy,Passed,
201600-0,201600,,0,democracy,NotPassed,
101503-0,101503,,0,democracy,Passed,
195644-3,195644,0xae3c08e34f8d1fd7eb7fe70bfdd75ea02c59a91b3759b651cb4041e7ad6359da,3,democracy,Vetoed,Fa1me4dit46AFSjinM89EsfiF7T91seEPU4wY9JNJQ752Sg
101503-0,101503,,0,democracy,PreimageUsed,
201096-4,201096,0x797f68c321df0f7a10f12f44795da40ad06cc69fba3179d2dab1d131b8e40e94,4,democracy,PreimageNoted,HRufmYwoV4DF4hiRxyAjMiD1RyeqGpB6wZ8pVMhk11NnCde
101503-0,101503,,0,democracy,Executed,
201066-3,201066,0x418a96120ac729931f6b1e5d1de7169ef22f75107620b0526d05042a043bb84f,3,democracy,Started,F2i6trfXqFknbgB3d9wcd1X98WWdLLktmFtK8Beud75bjTW
100800-0,100800,,0,democracy,Tabled,
100800-0,100800,,0,democracy,Started,
99703-3,99703,0x3cb6b26bdde80d3c6042ca61a6512eae5d2cae40ac93033ec89c3420a4ea2b3a,3,democracy,Started,EYFAeaqdhKfLijPNpUxvWks9S2BHR9ip9ArJbVsQXPGGwyX
94426-3,94426,0xae3cd9c6d76502e371e8f8c66f487c3a19f7d46bc008e3980479b20393791218,3,democracy,PreimageNoted,F9GaWDFcJUUSV7WzrdZ4Zpq8uRFzFQ23hcKrLT9Bdvxzxxe
99419-3,99419,0x0d1172045e95fe8f31cd7f4223dc333ebd2cfd0f5771eb99245c9f6e1813748b,3,democracy,PreimageNoted,ET9SkhNZhY7KT474vkCEJtAjbgJdaqAGW4beeeUJyDQ3SnA
85223-0,85223,,0,democracy,Passed,
92829-3,92829,0x5bd1b25a2cf4e8bb6dffa5c2bf76020e4d14a00015ac350aea514aa069a8e615,3,democracy,PreimageNoted,H9eSvWe34vQDJAWckeTHWSqSChRat8bgKHG39GC1fjvEm7y
85223-0,85223,,0,democracy,PreimageUsed,
85223-0,85223,,0,democracy,Executed,
92825-3,92825,0xd276b5d4f7356d282f6ceb7798c8c8790c3de0b7ebaf425ab0f99bcd52888f3d,3,democracy,Proposed,H9eSvWe34vQDJAWckeTHWSqSChRat8bgKHG39GC1fjvEm7y
83237-0,83237,,0,democracy,PreimageUsed,
83237-0,83237,,0,democracy,Executed,
83423-3,83423,0x62f117c9801823407f2ce5bee73af031ae4132c3e1bc4d5426e086581abfdaf2,3,democracy,Started,EYFAeaqdhKfLijPNpUxvWks9S2BHR9ip9ArJbVsQXPGGwyX
83137-0,83137,,0,democracy,Passed,
82537-2,82537,0xd193d2582978f8a3d86ed563f16f69c41b02c2c957825b52c16eba23a2ec9efe,2,democracy,Started,EYFAeaqdhKfLijPNpUxvWks9S2BHR9ip9ArJbVsQXPGGwyX
82191-0,82191,,0,democracy,Passed,
82191-0,82191,,0,democracy,PreimageUsed,
82989-3,82989,0xdccb6819f595c103af11f50ce18a4064d24dc6d4e12de6d2870ae69aa27a18d3,3,democracy,PreimageNoted,CcKPhXSyZgATZD1wVaRsSk81UfLcQvyuuS2i9FNhsoeQeWr
82191-0,82191,,0,democracy,Executed,
82415-4,82415,0xb99435a6bcff87a4a8d9f77e10319dcd6bd5a4ba441a15d24fd1fea9d62513c1,4,democracy,PreimageNoted,H9eSvWe34vQDJAWckeTHWSqSChRat8bgKHG39GC1fjvEm7y
81591-3,81591,0x30a442e03ab2da4e1dfa28467c3b8c3779f4f91d9febfcf5a1310ee6cabb9413,3,democracy,Started,EYFAeaqdhKfLijPNpUxvWks9S2BHR9ip9ArJbVsQXPGGwyX
80824-0,80824,,0,democracy,PreimageMissing,
73624-0,73624,,0,democracy,Passed,
67650-0,67650,,0,democracy,PreimageUsed,
69724-3,69724,0x9903efb63bba42d66071eec0131128ccba4845c4ef235e186b36ca149193a1c9,3,democracy,Started,EYFAeaqdhKfLijPNpUxvWks9S2BHR9ip9ArJbVsQXPGGwyX
67650-0,67650,,0,democracy,Executed,
81565-3,81565,0xc1f6f3e6a2730df0616d45a9557bdfb9b9adf1469351d8432af3c4b1d062d7ff,3,democracy,PreimageNoted,CcKPhXSyZgATZD1wVaRsSk81UfLcQvyuuS2i9FNhsoeQeWr
67550-0,67550,,0,democracy,Passed,
66647-0,66647,,0,democracy,PreimageUsed,
66950-2,66950,0x75959e7ac81dd63ba1e7bec853b24a8386022e6e94234dcafe0015832ffc89ac,2,democracy,Started,EYFAeaqdhKfLijPNpUxvWks9S2BHR9ip9ArJbVsQXPGGwyX
74580-3,74580,0x1f84f358fecce8864e6513f751fa75721bb0535c5b3245512744cfc6e7360d11,3,democracy,PreimageNoted,HTkUzAvtTwd7Wjt3kX7j5xCZ3om2ygo9f63eKcFFgJFVwhU
66647-0,66647,,0,democracy,Executed,
67581-3,67581,0xf6a85533d12e8f121bd5bf5176b9c2240f9d65efcfa1c4218558471e66ea5d52,3,democracy,PreimageNoted,HTkUzAvtTwd7Wjt3kX7j5xCZ3om2ygo9f63eKcFFgJFVwhU
59447-0,59447,,0,democracy,Passed,
56181-0,56181,,0,democracy,Passed,
57047-3,57047,0xd895b56f1c1b9ec625d1ac37605e7df46b05449e4400a67252e66a37b41753a4,3,democracy,Started,EYFAeaqdhKfLijPNpUxvWks9S2BHR9ip9ArJbVsQXPGGwyX
56181-0,56181,,0,democracy,PreimageUsed,
56181-0,56181,,0,democracy,Executed,
55594-3,55594,0x4251b925f38c3541f36a6d2e77f2a8037a73bb5798415cf787a0494d8201b3a3,3,democracy,PreimageNoted,FcxNWVy5RESDsErjwyZmPCW6Z8Y3fbfLzmou34YZTrbcraL
37922-3,37922,0xebd07d8f8965edbe241880c5f443f3f73534aabbf150b8e73c681e5873d1ae72,3,democracy,Proposed,H9eSvWe34vQDJAWckeTHWSqSChRat8bgKHG39GC1fjvEm7y
56152-2,56152,0x94e13d029511d8520dab1cfaca50022292e23251bf3e26ecc39f4c4f3efac4b7,2,democracy,PreimageNoted,FcxNWVy5RESDsErjwyZmPCW6Z8Y3fbfLzmou34YZTrbcraL
55581-3,55581,0x782554389418de86b0729e939558395b8b68cd91a88bbd4f19166fa415929b2f,3,democracy,Started,EYFAeaqdhKfLijPNpUxvWks9S2BHR9ip9ArJbVsQXPGGwyX
25947-3,25947,0xfd90e0574d535cb38a20c55cd531cd28b144476fb1efc97635e240310483ec67,3,democracy,Proposed,DDFSp7gLFpXen9m4qQjDrfu6SrydKZi7bfF6kJFuX7j5qJ1
